Pixlee URL,Emplifi URLs,Redirect URLs
https://www.pixlee.com/blog/10-influencer-marketing-mistakes-you-should-avoid,https://emplifi.io/resources/blog/10-influencer-marketing-mistakes-you-should-avoid,https://emplifi.io/resources/blog/10-influencer-marketing-mistakes-you-should-avoid?utm_source=pixlee.com
https://www.pixlee.com/blog/10-travel-influencers-your-brand-should-partner-with,https://emplifi.io/resources/blog/10-travel-influencers-your-brand-should-partner-with,https://emplifi.io/resources/blog/10-travel-influencers-your-brand-should-partner-with?utm_source=pixlee.com
https://www.pixlee.com/blog/15-innovative-brands-using-technology-to-power-their-content,https://emplifi.io/resources/blog/15-innovative-brands-using-technology-to-power-their-content,https://emplifi.io/resources/blog/15-innovative-brands-using-technology-to-power-their-content?utm_source=pixlee.com
https://www.pixlee.com/blog/25-top-brands-to-watch-in-2023,https://emplifi.io/resources/blog/top-brands-to-watch-in-2023,https://emplifi.io/resources/blog/top-brands-to-watch-in-2023?utm_source=pixlee.com
https://www.pixlee.com/blog/3-common-ugc-challenges-and-how-to-conquer-them,https://emplifi.io/resources/blog/3-common-ugc-challenges-and-how-to-conquer-them,https://emplifi.io/resources/blog/3-common-ugc-challenges-and-how-to-conquer-them?utm_source=pixlee.com
https://www.pixlee.com/blog/3-reasons-travel-brands-need-social-media-influencers,https://emplifi.io/resources/blog/3-reasons-travel-brands-need-social-media-influencers,https://emplifi.io/resources/blog/3-reasons-travel-brands-need-social-media-influencers?utm_source=pixlee.com
https://www.pixlee.com/blog/4-unique-ways-to-showcase-reviews-on-your-website-with-examples,https://emplifi.io/resources/blog/4-unique-ways-to-showcase-reviews-on-your-website-with-examples,https://emplifi.io/resources/blog/4-unique-ways-to-showcase-reviews-on-your-website-with-examples?utm_source=pixlee.com
https://www.pixlee.com/blog/4-ways-to-make-your-brands-tiktok-shoppable,https://emplifi.io/resources/blog/4-ways-to-make-your-brands-tiktok-shoppable,https://emplifi.io/resources/blog/4-ways-to-make-your-brands-tiktok-shoppable?utm_source=pixlee.com
https://www.pixlee.com/blog/5-benefits-of-influencer-led-product-reviews,https://emplifi.io/resources/blog/5-benefits-of-influencer-led-product-reviews,https://emplifi.io/resources/blog/5-benefits-of-influencer-led-product-reviews?utm_source=pixlee.com
https://www.pixlee.com/blog/5-great-homepage-galleries-featuring-shoppable-ugc,https://emplifi.io/resources/blog/5-great-homepage-galleries-featuring-shoppable-ugc,https://emplifi.io/resources/blog/5-great-homepage-galleries-featuring-shoppable-ugc?utm_source=pixlee.com
https://www.pixlee.com/blog/5-types-of-brand-influencers-which-one-is-right-for-you,https://emplifi.io/resources/blog/5-types-of-brand-influencers-which-one-is-right-for-you,https://emplifi.io/resources/blog/5-types-of-brand-influencers-which-one-is-right-for-you?utm_source=pixlee.com
https://www.pixlee.com/blog/5-visual-marketing-facts-you-need-to-know,https://emplifi.io/resources/blog/5-visual-marketing-facts-you-need-to-know,https://emplifi.io/resources/blog/5-visual-marketing-facts-you-need-to-know?utm_source=pixlee.com
https://www.pixlee.com/blog/5-ways-ambassador-marketing-can-benefit-your-brand,https://emplifi.io/resources/blog/5-ways-ambassador-marketing-can-benefit-your-brand,https://emplifi.io/resources/blog/5-ways-ambassador-marketing-can-benefit-your-brand?utm_source=pixlee.com
https://www.pixlee.com/blog/5-ways-businesses-can-bounce-back-from-social-media-inactivity,https://emplifi.io/resources/blog/5-ways-businesses-can-bounce-back-from-social-media-inactivity,https://emplifi.io/resources/blog/5-ways-businesses-can-bounce-back-from-social-media-inactivity?utm_source=pixlee.com
https://www.pixlee.com/blog/5-ways-hospitality-marketers-can-use-travel-influencers,https://emplifi.io/resources/blog/5-ways-hospitality-marketers-can-use-travel-influencers,https://emplifi.io/resources/blog/5-ways-hospitality-marketers-can-use-travel-influencers?utm_source=pixlee.com
https://www.pixlee.com/blog/5-ways-to-tell-your-brand-story-on-instagram,https://emplifi.io/resources/blog/5-ways-to-tell-your-brand-story-on-instagram,https://emplifi.io/resources/blog/5-ways-to-tell-your-brand-story-on-instagram?utm_source=pixlee.com
https://www.pixlee.com/blog/7-great-user-generated-content-campaigns,https://emplifi.io/resources/blog/7-great-user-generated-content-campaigns,https://emplifi.io/resources/blog/7-great-user-generated-content-campaigns?utm_source=pixlee.com
https://www.pixlee.com/blog/7-influencer-video-campaigns-you-need-to-try-in-2022,https://emplifi.io/resources/blog/7-influencer-video-campaigns-you-need-to-try-in-2022,https://emplifi.io/resources/blog/7-influencer-video-campaigns-you-need-to-try-in-2022?utm_source=pixlee.com
https://www.pixlee.com/blog/7-steps-to-a-successful-influencer-marketing-strategy,https://emplifi.io/resources/blog/7-steps-to-a-successful-influencer-marketing-strategy,https://emplifi.io/resources/blog/7-steps-to-a-successful-influencer-marketing-strategy?utm_source=pixlee.com
https://www.pixlee.com/blog/7-things-you-need-to-know-about-the-creator-economy-as-a-marketer,https://emplifi.io/resources/blog/7-things-you-need-to-know-about-the-creator-economy-as-a-marketer,https://emplifi.io/resources/blog/7-things-you-need-to-know-about-the-creator-economy-as-a-marketer?utm_source=pixlee.com
https://www.pixlee.com/blog/7-tips-for-stretching-your-influencer-marketing-budget,https://emplifi.io/resources/blog/7-tips-for-stretching-your-influencer-marketing-budget,https://emplifi.io/resources/blog/7-tips-for-stretching-your-influencer-marketing-budget?utm_source=pixlee.com
https://www.pixlee.com/blog/7-tools-for-influencer-marketing-managers,https://emplifi.io/resources/blog/7-tools-for-influencer-marketing-managers,https://emplifi.io/resources/blog/7-tools-for-influencer-marketing-managers?utm_source=pixlee.com
https://www.pixlee.com/blog/7-ways-to-improve-the-online-shopping-experience,https://emplifi.io/resources/blog/7-ways-to-improve-the-online-shopping-experience,https://emplifi.io/resources/blog/7-ways-to-improve-the-online-shopping-experience?utm_source=pixlee.com
https://www.pixlee.com/blog/8-places-user-generated-content-thrives-beyond-social-media,https://emplifi.io/resources/blog/8-places-user-generated-content-thrives-beyond-social-media,https://emplifi.io/resources/blog/8-places-user-generated-content-thrives-beyond-social-media?utm_source=pixlee.com
https://www.pixlee.com/blog/a-guide-to-setting-up-shoppable-video-content-on-social-media,https://emplifi.io/resources/blog/a-guide-to-setting-up-shoppable-video-content-on-social-media,https://emplifi.io/resources/blog/a-guide-to-setting-up-shoppable-video-content-on-social-media?utm_source=pixlee.com
https://www.pixlee.com/blog/ambassador-marketing-in-2021-the-stats-marketers-need-to-know,https://emplifi.io/resources/blog/ambassador-marketing-in-2021-the-stats-marketers-need-to-know,https://emplifi.io/resources/blog/ambassador-marketing-in-2021-the-stats-marketers-need-to-know?utm_source=pixlee.com
https://www.pixlee.com/blog/an-ecommerce-brands-guide-to-unboxing-videos,https://emplifi.io/resources/blog/an-ecommerce-brands-guide-to-unboxing-videos,https://emplifi.io/resources/blog/an-ecommerce-brands-guide-to-unboxing-videos?utm_source=pixlee.com
https://www.pixlee.com/blog/avoid-these-tiktok-marketing-mistakes,https://emplifi.io/resources/blog/avoid-these-tiktok-marketing-mistakes,https://emplifi.io/resources/blog/avoid-these-tiktok-marketing-mistakes?utm_source=pixlee.com
https://www.pixlee.com/blog/best-shopify-apps-for-ecommerce,https://emplifi.io/resources/blog/best-shopify-apps-for-ecommerce,https://emplifi.io/resources/blog/best-shopify-apps-for-ecommerce?utm_source=pixlee.com
https://www.pixlee.com/blog/best-time-to-post-reels-on-instagram,https://emplifi.io/resources/blog/best-time-to-post-reels-on-instagram,https://emplifi.io/resources/blog/best-time-to-post-reels-on-instagram?utm_source=pixlee.com
https://www.pixlee.com/blog/brand-storytelling,https://emplifi.io/resources/blog/brand-storytelling,https://emplifi.io/resources/blog/brand-storytelling?utm_source=pixlee.com
https://www.pixlee.com/blog/cybersecurity-tips-for-social-media-marketers,https://emplifi.io/resources/blog/cybersecurity-tips-for-social-media-marketers,https://emplifi.io/resources/blog/cybersecurity-tips-for-social-media-marketers?utm_source=pixlee.com
https://www.pixlee.com/blog/does-influencer-marketing-work-with-baby-boomers,https://emplifi.io/resources/blog/does-influencer-marketing-work-with-baby-boomers,https://emplifi.io/resources/blog/does-influencer-marketing-work-with-baby-boomers?utm_source=pixlee.com
https://www.pixlee.com/blog/dos-and-donts-of-ugc-curation-2021,https://emplifi.io/resources/blog/dos-and-donts-of-ugc-curation-2021,https://emplifi.io/resources/blog/dos-and-donts-of-ugc-curation-2021?utm_source=pixlee.com
https://www.pixlee.com/blog/ecommerce-marketing-careers-in-2023,https://emplifi.io/resources/blog/ecommerce-marketing-careers-in-2023,https://emplifi.io/resources/blog/ecommerce-marketing-careers-in-2023?utm_source=pixlee.com
https://www.pixlee.com/blog/email-marketing-how-to-convert-without-discounts,https://emplifi.io/resources/blog/email-marketing-how-to-convert-without-discounts,https://emplifi.io/resources/blog/email-marketing-how-to-convert-without-discounts?utm_source=pixlee.com
https://www.pixlee.com/blog/how-ambassador-marketing-works-alongside-the-creator-economy,https://emplifi.io/resources/blog/how-ambassador-marketing-works-alongside-the-creator-economy,https://emplifi.io/resources/blog/how-ambassador-marketing-works-alongside-the-creator-economy?utm_source=pixlee.com
https://www.pixlee.com/blog/how-brands-can-achieve-higher-engagement-on-tiktok,https://emplifi.io/resources/blog/how-brands-can-achieve-higher-engagement-on-tiktok,https://emplifi.io/resources/blog/how-brands-can-achieve-higher-engagement-on-tiktok?utm_source=pixlee.com
https://www.pixlee.com/blog/how-brands-can-vibe-with-gen-z-and-gen-alpha,https://emplifi.io/resources/blog/how-brands-can-vibe-with-gen-z-and-gen-alpha,https://emplifi.io/resources/blog/how-brands-can-vibe-with-gen-z-and-gen-alpha?utm_source=pixlee.com
https://www.pixlee.com/blog/how-dominos-transformed-into-an-e-commerce-powerhouse-whose-product-is-pizza,https://emplifi.io/resources/blog/how-dominos-transformed-into-an-e-commerce-powerhouse-whose-product-is-pizza,https://emplifi.io/resources/blog/how-dominos-transformed-into-an-e-commerce-powerhouse-whose-product-is-pizza?utm_source=pixlee.com
https://www.pixlee.com/blog/how-fashion-brands-can-use-tiktok,https://emplifi.io/resources/blog/how-fashion-brands-can-use-tiktok,https://emplifi.io/resources/blog/how-fashion-brands-can-use-tiktok?utm_source=pixlee.com
https://www.pixlee.com/blog/how-generative-ai-will-impact-marketing-ugc,https://emplifi.io/resources/blog/how-generative-ai-will-impact-marketing-ugc,https://emplifi.io/resources/blog/how-generative-ai-will-impact-marketing-ugc?utm_source=pixlee.com
https://www.pixlee.com/blog/how-millennials-and-gen-z-forever-changed-travel-marketing,https://emplifi.io/resources/blog/how-millennials-and-gen-z-forever-changed-travel-marketing,https://emplifi.io/resources/blog/how-millennials-and-gen-z-forever-changed-travel-marketing?utm_source=pixlee.com
https://www.pixlee.com/blog/how-millennials-social-media-will-drive-marketing-success,https://emplifi.io/resources/blog/how-millennials-social-media-will-drive-marketing-success,https://emplifi.io/resources/blog/how-millennials-social-media-will-drive-marketing-success?utm_source=pixlee.com
https://www.pixlee.com/blog/how-national-geographics-successful-social-media-campaigns-build-engagement,https://emplifi.io/resources/blog/how-national-geographics-successful-social-media-campaigns-build-engagement,https://emplifi.io/resources/blog/how-national-geographics-successful-social-media-campaigns-build-engagement?utm_source=pixlee.com
https://www.pixlee.com/blog/how-syndicated-reviews-impact-seo-for-ecommerce-companies,https://emplifi.io/resources/blog/how-syndicated-reviews-impact-seo-for-ecommerce-companies,https://emplifi.io/resources/blog/how-syndicated-reviews-impact-seo-for-ecommerce-companies?utm_source=pixlee.com
https://www.pixlee.com/blog/how-the-rise-of-finfluencers-is-impacting-digital-marketing,https://emplifi.io/resources/blog/how-the-rise-of-finfluencers-is-impacting-digital-marketing,https://emplifi.io/resources/blog/how-the-rise-of-finfluencers-is-impacting-digital-marketing?utm_source=pixlee.com
https://www.pixlee.com/blog/how-to-boost-your-product-launch-with-influencer-marketing,https://emplifi.io/resources/blog/how-to-boost-your-product-launch-with-influencer-marketing,https://emplifi.io/resources/blog/how-to-boost-your-product-launch-with-influencer-marketing?utm_source=pixlee.com
https://www.pixlee.com/blog/how-to-design-the-best-ecommerce-pdp-in-2022,https://emplifi.io/resources/blog/how-to-design-the-best-ecommerce-pdp-in-2022,https://emplifi.io/resources/blog/how-to-design-the-best-ecommerce-pdp-in-2022?utm_source=pixlee.com
https://www.pixlee.com/blog/how-to-get-your-product-in-front-of-10-million-people-on-social,https://emplifi.io/resources/blog/how-to-get-your-product-in-front-of-10-million-people-on-social,https://emplifi.io/resources/blog/how-to-get-your-product-in-front-of-10-million-people-on-social?utm_source=pixlee.com
https://www.pixlee.com/blog/how-to-handle-negative-reviews-due-to-shipping-and-supply-chain-delays,https://emplifi.io/resources/blog/how-to-handle-negative-reviews-due-to-shipping-and-supply-chain-delays,https://emplifi.io/resources/blog/how-to-handle-negative-reviews-due-to-shipping-and-supply-chain-delays?utm_source=pixlee.com
https://www.pixlee.com/blog/how-to-identify-the-best-conversion-points-on-your-website,https://emplifi.io/resources/blog/how-to-identify-the-best-conversion-points-on-your-website,https://emplifi.io/resources/blog/how-to-identify-the-best-conversion-points-on-your-website?utm_source=pixlee.com
https://www.pixlee.com/blog/how-to-incorporate-ugc-into-your-inbound-marketing-strategy,https://emplifi.io/resources/blog/how-to-incorporate-ugc-into-your-inbound-marketing-strategy,https://emplifi.io/resources/blog/how-to-incorporate-ugc-into-your-inbound-marketing-strategy?utm_source=pixlee.com
https://www.pixlee.com/blog/how-to-integrate-influencer-marketing-with-email-marketing,https://emplifi.io/resources/blog/how-to-integrate-influencer-marketing-with-email-marketing,https://emplifi.io/resources/blog/how-to-integrate-influencer-marketing-with-email-marketing?utm_source=pixlee.com
https://www.pixlee.com/blog/how-to-make-a-reel-go-viral,https://emplifi.io/resources/blog/how-to-make-a-reel-go-viral,https://emplifi.io/resources/blog/how-to-make-a-reel-go-viral?utm_source=pixlee.com
https://www.pixlee.com/blog/how-to-make-your-brand-message-resonate-with-millennials,https://emplifi.io/resources/blog/how-to-make-your-brand-message-resonate-with-millennials,https://emplifi.io/resources/blog/how-to-make-your-brand-message-resonate-with-millennials?utm_source=pixlee.com
https://www.pixlee.com/blog/how-to-measure-the-roi-of-user-generated-content,https://emplifi.io/resources/blog/how-to-measure-the-roi-of-user-generated-content,https://emplifi.io/resources/blog/how-to-measure-the-roi-of-user-generated-content?utm_source=pixlee.com
https://www.pixlee.com/blog/how-to-monitor-and-respond-to-online-reviews,https://emplifi.io/resources/blog/how-to-monitor-and-respond-to-online-reviews,https://emplifi.io/resources/blog/how-to-monitor-and-respond-to-online-reviews?utm_source=pixlee.com
https://www.pixlee.com/blog/how-to-repost-on-tiktok,https://emplifi.io/resources/blog/how-to-repost-on-tiktok,https://emplifi.io/resources/blog/how-to-repost-on-tiktok?utm_source=pixlee.com
https://www.pixlee.com/blog/how-to-use-video-retargeting-with-instagram-stories,https://emplifi.io/resources/blog/how-to-use-video-retargeting-with-instagram-stories,https://emplifi.io/resources/blog/how-to-use-video-retargeting-with-instagram-stories?utm_source=pixlee.com
https://www.pixlee.com/blog/how-user-generated-content-can-be-used-with-chatbots-to-convert-more-site-visitors,https://emplifi.io/resources/blog/how-user-generated-content-can-be-used-with-chatbots-to-convert-more-site-visitors,https://emplifi.io/resources/blog/how-user-generated-content-can-be-used-with-chatbots-to-convert-more-site-visitors?utm_source=pixlee.com
https://www.pixlee.com/blog/infographic-the-creator-economy,https://emplifi.io/resources/blog/infographic-the-creator-economy,https://emplifi.io/resources/blog/infographic-the-creator-economy?utm_source=pixlee.com
https://www.pixlee.com/blog/instagram-highlight-covers,https://emplifi.io/resources/blog/instagram-highlight-covers,https://emplifi.io/resources/blog/instagram-highlight-covers?utm_source=pixlee.com
https://www.pixlee.com/blog/instagram-reels,https://emplifi.io/resources/blog/instagram-reels,https://emplifi.io/resources/blog/instagram-reels?utm_source=pixlee.com
https://www.pixlee.com/blog/meet-the-future-of-entertainment-ugc-and-tiktok,https://emplifi.io/resources/blog/meet-the-future-of-entertainment-ugc-and-tiktok,https://emplifi.io/resources/blog/meet-the-future-of-entertainment-ugc-and-tiktok?utm_source=pixlee.com
https://www.pixlee.com/blog/shoppable-instagram-101,https://emplifi.io/resources/blog/shoppable-instagram-101,https://emplifi.io/resources/blog/shoppable-instagram-101?utm_source=pixlee.com
https://www.pixlee.com/blog/social-media-content-calendar-templates,https://emplifi.io/resources/blog/social-media-content-calendar-templates,https://emplifi.io/resources/blog/social-media-content-calendar-templates?utm_source=pixlee.com
https://www.pixlee.com/blog/the-5-best-ecommerce-store-designs-for-the-holiday-shopping-season,https://emplifi.io/resources/blog/the-5-best-ecommerce-store-designs-for-the-holiday-shopping-season,https://emplifi.io/resources/blog/the-5-best-ecommerce-store-designs-for-the-holiday-shopping-season?utm_source=pixlee.com
https://www.pixlee.com/blog/the-5-things-social-media-marketers-need-to-know-about-mental-health,https://emplifi.io/resources/blog/the-5-things-social-media-marketers-need-to-know-about-mental-health,https://emplifi.io/resources/blog/the-5-things-social-media-marketers-need-to-know-about-mental-health?utm_source=pixlee.com
https://www.pixlee.com/blog/the-50-user-generated-content-stats-you-need-to-know,https://emplifi.io/resources/blog/the-50-user-generated-content-stats-you-need-to-know,https://emplifi.io/resources/blog/the-50-user-generated-content-stats-you-need-to-know?utm_source=pixlee.com
https://www.pixlee.com/blog/the-marketing-power-of-user-generated-content,https://emplifi.io/resources/blog/the-marketing-power-of-user-generated-content,https://emplifi.io/resources/blog/the-marketing-power-of-user-generated-content?utm_source=pixlee.com
https://www.pixlee.com/blog/the-top-5-tips-for-managing-online-creators-in-2021,https://emplifi.io/resources/blog/the-top-5-tips-for-managing-online-creators-in-2021,https://emplifi.io/resources/blog/the-top-5-tips-for-managing-online-creators-in-2021?utm_source=pixlee.com
https://www.pixlee.com/blog/the-top-industries-using-instagram,https://emplifi.io/resources/blog/the-top-industries-using-instagram,https://emplifi.io/resources/blog/the-top-industries-using-instagram?utm_source=pixlee.com
https://www.pixlee.com/blog/the-ultimate-guide-to-building-an-ambassador-marketing-program-in-2022,https://emplifi.io/resources/blog/the-ultimate-guide-to-building-an-ambassador-marketing-program-in-2022,https://emplifi.io/resources/blog/the-ultimate-guide-to-building-an-ambassador-marketing-program-in-2022?utm_source=pixlee.com
https://www.pixlee.com/blog/the-ultimate-influencer-pay-guide-for-2022,https://emplifi.io/resources/blog/the-ultimate-influencer-pay-guide-for-2022,https://emplifi.io/resources/blog/the-ultimate-influencer-pay-guide-for-2022?utm_source=pixlee.com
https://www.pixlee.com/blog/three-reasons-why-your-social-media-profiles-are-losing-followers,https://emplifi.io/resources/blog/three-reasons-why-your-social-media-profiles-are-losing-followers,https://emplifi.io/resources/blog/three-reasons-why-your-social-media-profiles-are-losing-followers?utm_source=pixlee.com
https://www.pixlee.com/blog/tiktok-ad-specs,https://emplifi.io/resources/blog/tiktok-ad-specs,https://emplifi.io/resources/blog/tiktok-ad-specs?utm_source=pixlee.com
https://www.pixlee.com/blog/tiktok-content-tips-that-actually-work-for-brands,https://emplifi.io/resources/blog/tiktok-content-tips-that-actually-work-for-brands,https://emplifi.io/resources/blog/tiktok-content-tips-that-actually-work-for-brands?utm_source=pixlee.com
https://www.pixlee.com/blog/tiktok-marketing-to-gen-z-vs-millennials,https://emplifi.io/resources/blog/tiktok-marketing-to-gen-z-vs-millennials,https://emplifi.io/resources/blog/tiktok-marketing-to-gen-z-vs-millennials?utm_source=pixlee.com
https://www.pixlee.com/blog/tiktok-video-ideas-for-brands-in-2023,https://emplifi.io/resources/blog/tiktok-video-ideas-for-brands-in-2023,https://emplifi.io/resources/blog/tiktok-video-ideas-for-brands-in-2023?utm_source=pixlee.com
https://www.pixlee.com/blog/top-5-up-and-coming-travel-and-food-influencers,https://emplifi.io/resources/blog/top-5-up-and-coming-travel-and-food-influencers,https://emplifi.io/resources/blog/top-5-up-and-coming-travel-and-food-influencers?utm_source=pixlee.com
https://www.pixlee.com/blog/top-5-user-generated-content-tools-of-2020,https://emplifi.io/resources/blog/top-5-user-generated-content-tools-of-2020,https://emplifi.io/resources/blog/top-5-user-generated-content-tools-of-2020?utm_source=pixlee.com
https://www.pixlee.com/blog/trendjacking-jumping-in-on-internet-culture-3-brands-doing-it-right,https://emplifi.io/resources/blog/trendjacking-jumping-in-on-internet-culture-3-brands-doing-it-right,https://emplifi.io/resources/blog/trendjacking-jumping-in-on-internet-culture-3-brands-doing-it-right?utm_source=pixlee.com
https://www.pixlee.com/blog/using-data-to-create-personalized-online-shopping-experiences,https://emplifi.io/resources/blog/using-data-to-create-personalized-online-shopping-experiences,https://emplifi.io/resources/blog/using-data-to-create-personalized-online-shopping-experiences?utm_source=pixlee.com
https://www.pixlee.com/blog/what-is-a-social-storefront-and-why-do-you-need-one,https://emplifi.io/resources/blog/what-is-a-social-storefront-and-why-do-you-need-one,https://emplifi.io/resources/blog/what-is-a-social-storefront-and-why-do-you-need-one?utm_source=pixlee.com
https://www.pixlee.com/blog/what-is-influencer-allow-listing-and-how-does-it-work,https://emplifi.io/resources/blog/what-is-influencer-allow-listing-and-how-does-it-work,https://emplifi.io/resources/blog/what-is-influencer-allow-listing-and-how-does-it-work?utm_source=pixlee.com
https://www.pixlee.com/blog/what-is-review-syndication,https://emplifi.io/resources/blog/what-is-review-syndication,https://emplifi.io/resources/blog/what-is-review-syndication?utm_source=pixlee.com
https://www.pixlee.com/blog/what-marketers-can-expect-from-instagram-in-2023,https://emplifi.io/resources/blog/what-marketers-can-expect-from-instagram-in-2023,https://emplifi.io/resources/blog/what-marketers-can-expect-from-instagram-in-2023?utm_source=pixlee.com
https://www.pixlee.com/blog/when-bad-reviews-are-a-good-thing-guidelines-and-checklist-of-best-practices-for-reviews,https://emplifi.io/resources/blog/when-bad-reviews-are-a-good-thing-guidelines-and-checklist-of-best-practices-for-reviews,https://emplifi.io/resources/blog/when-bad-reviews-are-a-good-thing-guidelines-and-checklist-of-best-practices-for-reviews?utm_source=pixlee.com
https://www.pixlee.com/blog/why-consumers-love-user-generated-content-five-psychological-motivators,https://emplifi.io/resources/blog/why-consumers-love-user-generated-content-five-psychological-motivators,https://emplifi.io/resources/blog/why-consumers-love-user-generated-content-five-psychological-motivators?utm_source=pixlee.com
https://www.pixlee.com/blog/why-influencer-marketing-is-key-to-growing-your-retail-business-in-2021,https://emplifi.io/resources/blog/why-influencer-marketing-is-key-to-growing-your-retail-business-in-2021,https://emplifi.io/resources/blog/why-influencer-marketing-is-key-to-growing-your-retail-business-in-2021?utm_source=pixlee.com
https://www.pixlee.com/blog/why-social-media-data-collection-is-essential-for-marketing,https://emplifi.io/resources/blog/why-social-media-data-collection-is-essential-for-marketing,https://emplifi.io/resources/blog/why-social-media-data-collection-is-essential-for-marketing?utm_source=pixlee.com
https://www.pixlee.com/blog/why-the-future-of-ecommerce-photography-is-ugc,https://emplifi.io/resources/blog/why-the-future-of-ecommerce-photography-is-ugc,https://emplifi.io/resources/blog/why-the-future-of-ecommerce-photography-is-ugc?utm_source=pixlee.com
https://www.pixlee.com/blog/stats-to-know-about-ecommerce-retail-trends-in-2021,https://emplifi.io/resources/blog/stats-to-know-about-ecommerce-retail-trends-in-2021,https://emplifi.io/resources/blog/stats-to-know-about-ecommerce-retail-trends-in-2021?utm_source=pixlee.com
https://www.pixlee.com/blog/10-stats-from-black-friday-and-cyber-monday,https://emplifi.io/resources/blog/10-stats-from-black-friday-and-cyber-monday,https://emplifi.io/resources/blog/10-stats-from-black-friday-and-cyber-monday?utm_source=pixlee.com
https://www.pixlee.com/blog/10-ways-you-can-beat-the-instagram-algorithm,https://emplifi.io/resources/blog/10-ways-you-can-beat-the-instagram-algorithm,https://emplifi.io/resources/blog/10-ways-you-can-beat-the-instagram-algorithm?utm_source=pixlee.com
https://www.pixlee.com/blog/15-of-the-best-entrepreneurs-to-follow-on-twitter,https://emplifi.io/resources/blog/15-of-the-best-entrepreneurs-to-follow-on-twitter,https://emplifi.io/resources/blog/15-of-the-best-entrepreneurs-to-follow-on-twitter?utm_source=pixlee.com
https://www.pixlee.com/blog/3-reasons-why-tiktok-is-pivotal-for-influencer-marketing,https://emplifi.io/resources/blog/3-reasons-why-tiktok-is-pivotal-for-influencer-marketing,https://emplifi.io/resources/blog/3-reasons-why-tiktok-is-pivotal-for-influencer-marketing?utm_source=pixlee.com
https://www.pixlee.com/blog/3-steps-to-spread-brand-awareness-on-social-media,https://emplifi.io/resources/blog/3-steps-to-spread-brand-awareness-on-social-media,https://emplifi.io/resources/blog/3-steps-to-spread-brand-awareness-on-social-media?utm_source=pixlee.com
https://www.pixlee.com/blog/3-ways-to-check-if-your-brand-influencer-has-fake-followers,https://emplifi.io/resources/blog/3-ways-to-check-if-your-brand-influencer-has-fake-followers,https://emplifi.io/resources/blog/3-ways-to-check-if-your-brand-influencer-has-fake-followers?utm_source=pixlee.com
https://www.pixlee.com/blog/4-brands-embracing-diversity-in-their-content,https://emplifi.io/resources/blog/4-brands-embracing-diversity-in-their-content,https://emplifi.io/resources/blog/4-brands-embracing-diversity-in-their-content?utm_source=pixlee.com
https://www.pixlee.com/blog/5-brands-that-are-taking-ugc-to-the-next-level-with-product-page-visual-reviews,https://emplifi.io/resources/blog/5-brands-that-are-taking-ugc-to-the-next-level-with-product-page-visual-reviews,https://emplifi.io/resources/blog/5-brands-that-are-taking-ugc-to-the-next-level-with-product-page-visual-reviews?utm_source=pixlee.com
https://www.pixlee.com/blog/5-business-benefits-of-social-commerce,https://emplifi.io/resources/blog/5-business-benefits-of-social-commerce,https://emplifi.io/resources/blog/5-business-benefits-of-social-commerce?utm_source=pixlee.com
https://www.pixlee.com/blog/5-free-hashtag-analytics-tools-that-every-brand-needs,https://emplifi.io/resources/blog/5-free-hashtag-analytics-tools-that-every-brand-needs,https://emplifi.io/resources/blog/5-free-hashtag-analytics-tools-that-every-brand-needs?utm_source=pixlee.com
https://www.pixlee.com/blog/5-hashtag-campaigns-that-crushed-it-in-2017,https://emplifi.io/resources/blog/5-hashtag-campaigns-that-crushed-it-in-2017,https://emplifi.io/resources/blog/5-hashtag-campaigns-that-crushed-it-in-2017?utm_source=pixlee.com
https://www.pixlee.com/blog/5-most-successful-hashtag-campaigns,https://emplifi.io/resources/blog/5-most-successful-hashtag-campaigns,https://emplifi.io/resources/blog/5-most-successful-hashtag-campaigns?utm_source=pixlee.com
https://www.pixlee.com/blog/5-tips-to-running-a-successful-photo-contest,https://emplifi.io/resources/blog/5-tips-to-running-a-successful-photo-contest,https://emplifi.io/resources/blog/5-tips-to-running-a-successful-photo-contest?utm_source=pixlee.com
https://www.pixlee.com/blog/5-ways-to-make-your-influencer-collaboration-successful-from-a-former-micro-influencer,https://emplifi.io/resources/blog/5-ways-to-make-your-influencer-collaboration-successful-from-a-former-micro-influencer,https://emplifi.io/resources/blog/5-ways-to-make-your-influencer-collaboration-successful-from-a-former-micro-influencer?utm_source=pixlee.com
https://www.pixlee.com/blog/7-reasons-why-you-should-advertise-on-tiktok-in-2022,https://emplifi.io/resources/blog/7-reasons-why-you-should-advertise-on-tiktok,https://emplifi.io/resources/blog/7-reasons-why-you-should-advertise-on-tiktok?utm_source=pixlee.com
https://www.pixlee.com/blog/7-tricks-for-instagram-accounts-with-low-engagement-rates,https://emplifi.io/resources/blog/7-tricks-for-instagram-accounts-with-low-engagement-rates,https://emplifi.io/resources/blog/7-tricks-for-instagram-accounts-with-low-engagement-rates?utm_source=pixlee.com
https://www.pixlee.com/blog/8-niche-influencers-you-probably-werent-aware-of,https://emplifi.io/resources/blog/8-niche-influencers-you-probably-werent-aware-of,https://emplifi.io/resources/blog/8-niche-influencers-you-probably-werent-aware-of?utm_source=pixlee.com
https://www.pixlee.com/blog/8-tiktok-challenges-started-by-brands-and-what-we-can-learn-from-them,https://emplifi.io/resources/blog/8-tiktok-challenges-started-by-brands-and-what-we-can-learn-from-them,https://emplifi.io/resources/blog/8-tiktok-challenges-started-by-brands-and-what-we-can-learn-from-them?utm_source=pixlee.com
https://www.pixlee.com/blog/brand-ambassador-job-description,https://emplifi.io/resources/blog/brand-ambassador-job-description,https://emplifi.io/resources/blog/brand-ambassador-job-description?utm_source=pixlee.com
https://www.pixlee.com/blog/brands-how-to-make-your-tiktok-go-viral,https://emplifi.io/resources/blog/brands-how-to-make-your-tiktok-go-viral,https://emplifi.io/resources/blog/brands-how-to-make-your-tiktok-go-viral?utm_source=pixlee.com
https://www.pixlee.com/blog/community-driven-marketing-for-direct-to-consumer-brands,https://emplifi.io/resources/blog/community-driven-marketing-for-direct-to-consumer-brands,https://emplifi.io/resources/blog/community-driven-marketing-for-direct-to-consumer-brands?utm_source=pixlee.com
https://www.pixlee.com/blog/hosting-influencer-events-the-dos-and-donts,https://emplifi.io/resources/blog/hosting-influencer-events-the-dos-and-donts,https://emplifi.io/resources/blog/hosting-influencer-events-the-dos-and-donts?utm_source=pixlee.com
https://www.pixlee.com/blog/how-airbnb-thrives-on-user-generated-content,https://emplifi.io/resources/blog/how-airbnb-thrives-on-user-generated-content,https://emplifi.io/resources/blog/how-airbnb-thrives-on-user-generated-content?utm_source=pixlee.com
https://www.pixlee.com/blog/how-do-i-find-social-media-influencers-for-my-company,https://emplifi.io/resources/blog/how-do-i-find-social-media-influencers-for-my-company,https://emplifi.io/resources/blog/how-do-i-find-social-media-influencers-for-my-company?utm_source=pixlee.com
https://www.pixlee.com/blog/how-instagram-polls-can-enhance-influencer-marketing,https://emplifi.io/resources/blog/how-instagram-polls-can-enhance-influencer-marketing,https://emplifi.io/resources/blog/how-instagram-polls-can-enhance-influencer-marketing?utm_source=pixlee.com
https://www.pixlee.com/blog/how-to-capture-high-quality-product-photos-with-your-smartphone,https://emplifi.io/resources/blog/how-to-capture-high-quality-product-photos-with-your-smartphone,https://emplifi.io/resources/blog/how-to-capture-high-quality-product-photos-with-your-smartphone?utm_source=pixlee.com
https://www.pixlee.com/blog/how-to-create-a-tiktok-ad-campaign,https://emplifi.io/resources/blog/how-to-create-a-tiktok-ad-campaign,https://emplifi.io/resources/blog/how-to-create-a-tiktok-ad-campaign?utm_source=pixlee.com
https://www.pixlee.com/blog/how-to-find-micro-influencers-for-your-brand,https://emplifi.io/resources/blog/how-to-find-micro-influencers-for-your-brand,https://emplifi.io/resources/blog/how-to-find-micro-influencers-for-your-brand?utm_source=pixlee.com
https://www.pixlee.com/blog/how-to-get-an-instafeed-on-your-website,https://emplifi.io/resources/blog/how-to-get-an-instafeed-on-your-website,https://emplifi.io/resources/blog/how-to-get-an-instafeed-on-your-website?utm_source=pixlee.com
https://www.pixlee.com/blog/how-to-get-started-with-user-generated-content,https://emplifi.io/resources/blog/how-to-get-started-with-user-generated-content,https://emplifi.io/resources/blog/how-to-get-started-with-user-generated-content?utm_source=pixlee.com
https://www.pixlee.com/blog/how-to-run-a-fake-instagram-followers-audit,https://emplifi.io/resources/blog/how-to-run-a-fake-instagram-followers-audit,https://emplifi.io/resources/blog/how-to-run-a-fake-instagram-followers-audit?utm_source=pixlee.com
https://www.pixlee.com/blog/in-the-billion-dollar-athleisure-market-heres-what-alo-yoga-is-doing-right,https://emplifi.io/resources/blog/in-the-billion-dollar-athleisure-market-heres-what-alo-yoga-is-doing-right,https://emplifi.io/resources/blog/in-the-billion-dollar-athleisure-market-heres-what-alo-yoga-is-doing-right?utm_source=pixlee.com
https://www.pixlee.com/blog/instagram-analytics,https://emplifi.io/resources/blog/instagram-analytics,https://emplifi.io/resources/blog/instagram-analytics?utm_source=pixlee.com
https://www.pixlee.com/blog/instagram-marketing,https://emplifi.io/resources/blog/instagram-marketing,https://emplifi.io/resources/blog/instagram-marketing?utm_source=pixlee.com
https://www.pixlee.com/blog/instagram-monetization,https://emplifi.io/resources/blog/instagram-monetization,https://emplifi.io/resources/blog/instagram-monetization?utm_source=pixlee.com
https://www.pixlee.com/blog/instagram-shoutout-guide-for-2020,https://emplifi.io/resources/blog/instagram-shoutout-guide-for-2020,https://emplifi.io/resources/blog/instagram-shoutout-guide-for-2020?utm_source=pixlee.com
https://www.pixlee.com/blog/instagram-stories-vs-snapchat-stories,https://emplifi.io/resources/blog/instagram-stories-vs-snapchat-stories,https://emplifi.io/resources/blog/instagram-stories-vs-snapchat-stories?utm_source=pixlee.com
https://www.pixlee.com/blog/instagrams-shoppable-feature-what-it-means-for-brands,https://emplifi.io/resources/blog/instagrams-shoppable-feature-what-it-means-for-brands,https://emplifi.io/resources/blog/instagrams-shoppable-feature-what-it-means-for-brands?utm_source=pixlee.com
https://www.pixlee.com/blog/jeffree-star-and-shane-dawson-prove-the-power-of-influencers,https://emplifi.io/resources/blog/jeffree-star-and-shane-dawson-prove-the-power-of-influencers,https://emplifi.io/resources/blog/jeffree-star-and-shane-dawson-prove-the-power-of-influencers?utm_source=pixlee.com
https://www.pixlee.com/blog/nanoinfluencers-are-nothing-new-its-just-word-of-mouth-on-steroids,https://emplifi.io/resources/blog/nanoinfluencers-are-nothing-new-its-just-word-of-mouth-on-steroids,https://emplifi.io/resources/blog/nanoinfluencers-are-nothing-new-its-just-word-of-mouth-on-steroids?utm_source=pixlee.com
https://www.pixlee.com/blog/review-email-template,https://emplifi.io/resources/blog/review-email-template,https://emplifi.io/resources/blog/review-email-template?utm_source=pixlee.com
https://www.pixlee.com/blog/schedule-instagram-posts,https://emplifi.io/resources/blog/schedule-instagram-posts,https://emplifi.io/resources/blog/schedule-instagram-posts?utm_source=pixlee.com
https://www.pixlee.com/blog/seo-ideas-how-to-improve-seo-with-user-generated-content,https://emplifi.io/resources/blog/seo-ideas-how-to-improve-seo-with-user-generated-content,https://emplifi.io/resources/blog/seo-ideas-how-to-improve-seo-with-user-generated-content?utm_source=pixlee.com
https://www.pixlee.com/blog/social-media-marketing-for-construction-companies,https://emplifi.io/resources/blog/social-media-marketing-for-construction-companies,https://emplifi.io/resources/blog/social-media-marketing-for-construction-companies?utm_source=pixlee.com
https://www.pixlee.com/blog/the-best-influencer-marketing-platform-for-finding-instagram-influencers,https://emplifi.io/resources/blog/the-best-influencer-marketing-platform-for-finding-instagram-influencers,https://emplifi.io/resources/blog/the-best-influencer-marketing-platform-for-finding-instagram-influencers?utm_source=pixlee.com
https://www.pixlee.com/blog/the-best-time-to-post-on-tiktok,https://emplifi.io/resources/blog/the-best-time-to-post-on-tiktok,https://emplifi.io/resources/blog/the-best-time-to-post-on-tiktok?utm_source=pixlee.com
https://www.pixlee.com/blog/the-brands-guide-to-getting-verified-on-social-media-in-2021,https://emplifi.io/resources/blog/the-brands-guide-to-getting-verified-on-social-media-in-2021,https://emplifi.io/resources/blog/the-brands-guide-to-getting-verified-on-social-media-in-2021?utm_source=pixlee.com
https://www.pixlee.com/blog/the-definitive-guide-to-running-a-social-media-contest-in-2021,https://emplifi.io/resources/blog/the-definitive-guide-to-running-a-social-media-contest,https://emplifi.io/resources/blog/the-definitive-guide-to-running-a-social-media-contest?utm_source=pixlee.com
https://www.pixlee.com/blog/tiktok-creator-a-brands-guide-to-partnerships,https://emplifi.io/resources/blog/tiktok-creator-a-brands-guide-to-partnerships,https://emplifi.io/resources/blog/tiktok-creator-a-brands-guide-to-partnerships?utm_source=pixlee.com
https://www.pixlee.com/blog/tiktok-marketing,https://emplifi.io/resources/blog/tiktok-marketing,https://emplifi.io/resources/blog/tiktok-marketing?utm_source=pixlee.com
https://www.pixlee.com/blog/tiktok-marketing-trends-2022,https://emplifi.io/resources/blog/tiktok-marketing-trends-2022,https://emplifi.io/resources/blog/tiktok-marketing-trends-2022?utm_source=pixlee.com
https://www.pixlee.com/blog/top-social-platforms-to-find-user-generated-content,https://emplifi.io/resources/blog/top-social-platforms-to-find-user-generated-content,https://emplifi.io/resources/blog/top-social-platforms-to-find-user-generated-content?utm_source=pixlee.com
https://www.pixlee.com/blog/types-of-influencers,https://emplifi.io/resources/blog/types-of-influencers,https://emplifi.io/resources/blog/types-of-influencers?utm_source=pixlee.com
https://www.pixlee.com/blog/what-gen-z-needs-from-brands,https://emplifi.io/resources/blog/what-gen-z-needs-from-brands,https://emplifi.io/resources/blog/what-gen-z-needs-from-brands?utm_source=pixlee.com
https://www.pixlee.com/blog/what-is-a-ugc-creator,https://emplifi.io/resources/blog/what-is-a-ugc-creator,https://emplifi.io/resources/blog/what-is-a-ugc-creator?utm_source=pixlee.com
https://www.pixlee.com/blog/why-brands-are-focusing-on-shoppable-ugc-to-provide-authentic-ecommerce-experiences,https://emplifi.io/resources/blog/why-brands-are-focusing-on-shoppable-ugc-to-provide-authentic-ecommerce-experiences,https://emplifi.io/resources/blog/why-brands-are-focusing-on-shoppable-ugc-to-provide-authentic-ecommerce-experiences?utm_source=pixlee.com
https://www.pixlee.com/blog/why-regram-how-reposting-on-instagram-can-build-your-brand,https://emplifi.io/resources/blog/why-regram-how-reposting-on-instagram-can-build-your-brand,https://emplifi.io/resources/blog/why-regram-how-reposting-on-instagram-can-build-your-brand?utm_source=pixlee.com
https://www.pixlee.com/blog/why-testimonial-advertisements-still-matter,https://emplifi.io/resources/blog/why-testimonial-advertisements-still-matter,https://emplifi.io/resources/blog/why-testimonial-advertisements-still-matter?utm_source=pixlee.com
https://www.pixlee.com/blog/will-your-number-of-instagram-followers-matter-in-the-future,https://emplifi.io/resources/blog/will-your-number-of-instagram-followers-matter-in-the-future,https://emplifi.io/resources/blog/will-your-number-of-instagram-followers-matter-in-the-future?utm_source=pixlee.com
https://www.pixlee.com/blog/youtube-vs-instagram-vs-tiktok-which-channel-is-best-for-cosmetics-brands,https://emplifi.io/resources/blog/youtube-vs-instagram-vs-tiktok-which-channel-is-best-for-cosmetics-brands,https://emplifi.io/resources/blog/youtube-vs-instagram-vs-tiktok-which-channel-is-best-for-cosmetics-brands?utm_source=pixlee.com
