source,target,regex,type,code,match,hits,title
https://socialbackers.com/blog/249-20-most-liked-u-s-facebook-pages,https://emplifi.io/resources/blog/249-20-most-liked-u-s-facebook-pages,0,url,301,url,0,10 Most Popular US Facebook Pages 2021
https://socialbackers.com/blog/1099-fake-followers-check-a-new-free-tool-from-socialbakers,https://emplifi.io/resources/blog/1099-fake-followers-check-a-new-free-tool-from-socialbakers,0,url,301,url,0,"Fake Followers Check: The Tools, How-To's, and Not-to-Do's"
https://socialbackers.com/blog/impact-of-coronavirus-on-education,https://emplifi.io/resources/blog/impact-of-coronavirus-on-education,0,url,301,url,0,Impact of Coronavirus on Education
https://socialbackers.com/blog/1826-everything-you-need-to-know-about-hashtags-on-facebook,https://emplifi.io/resources/blog/1826-everything-you-need-to-know-about-hashtags-on-facebook,0,url,301,url,0,Everything You Need to Know About #Hashtags on Facebook
https://socialbackers.com/blog/top-beauty-influencers,https://emplifi.io/resources/blog/top-beauty-influencers,0,url,301,url,0,The Top 21 Beauty Influencers Brands Need to Watch in 2021
https://socialbackers.com/blog/facebook-page-seo-optimization,https://emplifi.io/resources/blog/facebook-page-seo-optimization,0,url,301,url,0,10 Actionable Tips to Improve Your Facebook Page's SEO
https://socialbackers.com/blog/10-brands-who-are-seriously-funny-on-april-fools-day,https://emplifi.io/resources/blog/10-brands-who-are-seriously-funny-on-april-fools-day,0,url,301,url,0,10 Brands Who Are Seriously Funny on April Fools' Day
https://socialbackers.com/blog/brands-that-rule-tiktok,https://emplifi.io/resources/blog/brands-that-rule-tiktok,0,url,301,url,0,10 Brands That Rule on TikTok
https://socialbackers.com/blog/best-photo-video-editing-apps-social-media,https://emplifi.io/resources/blog/best-photo-video-editing-apps-social-media,0,url,301,url,0,10 Best Photo and Video Editing Apps for Social Media
https://socialbackers.com/blog/11-fashion-instagram-influencers-to-know,https://emplifi.io/resources/blog/11-fashion-instagram-influencers-to-know,0,url,301,url,0,Top 11 Fashion Influencers on Instagram You Need to Know in 2021
https://socialbackers.com/blog/alcohol-marketing-trends-you-need-to-know-right-now,https://emplifi.io/resources/blog/alcohol-marketing-trends-you-need-to-know-right-now,0,url,301,url,0,Alcohol Marketing Trends You Need to Know Right Now
https://socialbackers.com/blog/youtube-analytics-metrics,https://emplifi.io/resources/blog/youtube-analytics-metrics,0,url,301,url,0,6 YouTube Analytics Metrics to Measure in 2021
https://socialbackers.com/blog/how-to-write-instagram-captions,https://emplifi.io/resources/blog/how-to-write-instagram-captions,0,url,301,url,0,Instagram Caption Ideas 2021: How to Write Creative Instagram Captions
https://socialbackers.com/blog/how-does-social-media-affect-teenagers,https://emplifi.io/resources/blog/how-does-social-media-affect-teenagers,0,url,301,url,0,How Does Social Media Affect Teenagers?
https://socialbackers.com/blog/pet-influencers,https://emplifi.io/resources/blog/pet-influencers,0,url,301,url,0,The Top Pet Influencers to Follow on Social Media
https://socialbackers.com/blog/facebook-ads-ways-to-analyze-paid-social,https://emplifi.io/resources/blog/facebook-ads-ways-to-analyze-paid-social,0,url,301,url,0,Facebook Ads: 9 Ways to Analyze Paid Social Media
https://socialbackers.com/blog/2751-5-stages-for-effective-social-media-community-management,https://emplifi.io/resources/blog/2751-5-stages-for-effective-social-media-community-management,0,url,301,url,0,5 Stages for Effective Social Media Community Management
https://socialbackers.com/blog/engaging-customers-through-social-media,https://emplifi.io/resources/blog/engaging-customers-through-social-media,0,url,301,url,0,7 Proven Tactics to Boost Your Customer Engagement on Social Media
https://socialbackers.com/blog/mothers-day-social-media-brand-examples,https://emplifi.io/resources/blog/mothers-day-social-media-brand-examples,0,url,301,url,0,Mother's Day 2020 Brand Examples on Social Media
https://socialbackers.com/blog/social-media-advocacy,https://emplifi.io/resources/blog/social-media-advocacy,0,url,301,url,0,Social Media Advocacy: How to Develop a Powerful Program for Your Brand
https://socialbackers.com/blog/marketing-buzzwords,https://emplifi.io/resources/blog/marketing-buzzwords,0,url,301,url,0,Marketing Jargon: Top 21 Marketing Buzzwords in 2021
https://socialbackers.com/blog/instagram-guides-examples,https://emplifi.io/resources/blog/instagram-guides-examples,0,url,301,url,0,8 Brands Who Use Instagram Guides the Best
https://socialbackers.com/blog/target-audience-analysis-guide-everything-digital-marketers-need-to-know,https://emplifi.io/resources/blog/target-audience-analysis-guide-everything-digital-marketers-need-to-know,0,url,301,url,0,Target Audience Analysis: Everything Digital Marketers Need to Know
https://socialbackers.com/blog/instagram-stories-apps-life-easier,https://emplifi.io/resources/blog/instagram-stories-apps-life-easier,0,url,301,url,0,Top 10 Instagram Stories Apps That Will Make Your Life Easier
https://socialbackers.com/blog/tiktok-analytics,https://emplifi.io/resources/blog/tiktok-analytics,0,url,301,url,0,TikTok Analytics 101: 6 Metrics Marketers Should Be Measuring
https://socialbackers.com/blog/social-listening-tools,https://emplifi.io/resources/blog/social-listening-tools,0,url,301,url,0,15 Best Social Listening Tools in 2021
https://socialbackers.com/blog/facebook-organic-reach-tips,https://emplifi.io/resources/blog/facebook-organic-reach-tips,0,url,301,url,0,How to Boost Your Facebook Organic Reach: 10 Powerful Ways
https://socialbackers.com/blog/2020-twitter-updates,https://emplifi.io/resources/blog/2020-twitter-updates,0,url,301,url,0,The 2021 Twitter Updates You Need to Know About
https://socialbackers.com/blog/instagram-guides,https://emplifi.io/resources/blog/instagram-guides,0,url,301,url,0,How to Create Instagram Guides
https://socialbackers.com/blog/795-article-how-to-create-an-official-facebook-page,https://emplifi.io/resources/blog/795-article-how-to-create-an-official-facebook-page,0,url,301,url,0,Article: How to create an Official Facebook page
https://socialbackers.com/blog/ways-brands-use-instagram-reels,https://emplifi.io/resources/blog/ways-brands-use-instagram-reels,0,url,301,url,0,6 Ways Brands Are Using Instagram Reels
https://socialbackers.com/blog/2317-5-tips-for-reporting-to-your-boss,https://emplifi.io/resources/blog/2317-5-tips-for-reporting-to-your-boss,0,url,301,url,0,5 Tips For Reporting to Your Boss
https://socialbackers.com/blog/5-effective-ways-to-promote-your-webinar-on-social-media,https://emplifi.io/resources/blog/5-effective-ways-to-promote-your-webinar-on-social-media,0,url,301,url,0,5 Effective Ways to Promote Your Webinar on Social Media
https://socialbackers.com/blog/2020-instagram-updates,https://emplifi.io/resources/blog/2020-instagram-updates,0,url,301,url,0,The 2021 Instagram Updates You Need to Know About
https://socialbackers.com/blog/7-ways-to-build-buzz-on-social-media-for-your-new-product-before-launch,https://emplifi.io/resources/blog/7-ways-to-build-buzz-on-social-media-for-your-new-product-before-launch,0,url,301,url,0,7 Ways to Build Buzz on Social Media for Your New Product Before Launch
https://socialbackers.com/blog/your-free-buyer-persona-template,https://emplifi.io/resources/blog/your-free-buyer-persona-template,0,url,301,url,0,Your Free Buyer Persona Template
https://socialbackers.com/blog/ai-in-social-media,https://emplifi.io/resources/blog/ai-in-social-media,0,url,301,url,0,Artificial Intelligence in Social Media Marketing
https://socialbackers.com/blog/facebook-content-strategy,https://emplifi.io/resources/blog/facebook-content-strategy,0,url,301,url,0,Facebook Content Strategy: 8 Visual Content Tactics to Boost Engagement
https://socialbackers.com/blog/1916-top-10-things-you-should-never-do-on-twitter,https://emplifi.io/resources/blog/1916-top-10-things-you-should-never-do-on-twitter,0,url,301,url,0,Top 10 Things You Should Never Do on Twitter
https://socialbackers.com/blog/why-customer-experience-on-social-media-is-important,https://emplifi.io/resources/blog/why-customer-experience-on-social-media-is-important,0,url,301,url,0,Why Customer Experience on Social Media Is Important
https://socialbackers.com/blog/lgbtq-influencers,https://emplifi.io/resources/blog/lgbtq-influencers,0,url,301,url,0,10 LGBTQ+ Influencers Brands Need to Follow in 2020
https://socialbackers.com/blog/youtube-updates,https://emplifi.io/resources/blog/youtube-updates,0,url,301,url,0,The 2021 YouTube Updates You Need to Know About
https://socialbackers.com/blog/tiktok-updates,https://emplifi.io/resources/blog/tiktok-updates,0,url,301,url,0,The 2021 TikTok Updates You Need to Know About
https://socialbackers.com/blog/covid-19-impact-social-media,https://emplifi.io/resources/blog/covid-19-impact-social-media,0,url,301,url,0,Report: State of Social Media Marketing a Year Into Coronavirus
https://socialbackers.com/blog/instagram-ads,https://emplifi.io/resources/blog/instagram-ads,0,url,301,url,0,Everything You Need to Know About Instagram Ads
https://socialbackers.com/blog/social-media-platforms-during-coronavirus,https://emplifi.io/resources/blog/social-media-platforms-during-coronavirus,0,url,301,url,0,What Social Media Platforms Are Doing to Help During the Coronavirus
https://socialbackers.com/blog/video-for-instagram,https://emplifi.io/resources/blog/video-for-instagram,0,url,301,url,0,7 Steps to Creating Compelling Instagram Video Content
https://socialbackers.com/blog/21-data-points-for-2021,https://emplifi.io/resources/blog/21-data-points-for-2021,0,url,301,url,0,21 Social Media Data Points for 2021
https://socialbackers.com/blog/facebook-tricks,https://emplifi.io/resources/blog/facebook-tricks,0,url,301,url,0,Facebook Tricks and Hacks You Must Know in 2020
https://socialbackers.com/blog/twitter-engagement,https://emplifi.io/resources/blog/twitter-engagement,0,url,301,url,0,How to Increase Twitter Engagement Rate
https://socialbackers.com/blog/twitter-analytics-tools,https://emplifi.io/resources/blog/twitter-analytics-tools,0,url,301,url,0,The Top Twitter Analytics Tools in 2020
https://socialbackers.com/blog/why-is-social-listening-important,https://emplifi.io/resources/blog/why-is-social-listening-important,0,url,301,url,0,7 Reasons Why Social Listening Is Important
https://socialbackers.com/blog/105-top-us-states-on-facebook,https://emplifi.io/resources/blog/105-top-us-states-on-facebook,0,url,301,url,0,Top US States on Facebook
https://socialbackers.com/blog/2234-youtube-videos-what-s-not-to-like,https://emplifi.io/resources/blog/2234-youtube-videos-what-s-not-to-like,0,url,301,url,0,YouTube Videos: What’s not to like?
https://socialbackers.com/blog/6-ways-to-boost-e-commerce-sales-with-influencer-marketing,https://emplifi.io/resources/blog/6-ways-to-boost-e-commerce-sales-with-influencer-marketing,0,url,301,url,0,How to Boost Ecommerce Sales with Influencer Marketing
https://socialbackers.com/blog/social-media-community-manager-tips,https://emplifi.io/resources/blog/social-media-community-manager-tips,0,url,301,url,0,8 Killer Tips for Better Social Media Community Management
https://socialbackers.com/blog/1529-tracking-the-right-kpis-the-media-industry,https://emplifi.io/resources/blog/1529-tracking-the-right-kpis-the-media-industry,0,url,301,url,0,Tracking the Right KPIs: The Media Industry
https://socialbackers.com/blog/2653-5-most-engaging-movie-pages-on-facebook-in-2016,https://emplifi.io/resources/blog/2653-5-most-engaging-movie-pages-on-facebook-in-2016,0,url,301,url,0,5 Most Engaging Movie Pages on Facebook in 2016
https://socialbackers.com/blog/instagram-live-shopping,https://emplifi.io/resources/blog/instagram-live-shopping,0,url,301,url,0,How to Use Instagram Live Shopping
https://socialbackers.com/blog/brands-that-get-digital-transformation-right,https://emplifi.io/resources/blog/brands-that-get-digital-transformation-right,0,url,301,url,0,Brands That Get Digital Transformation Right
https://socialbackers.com/blog/how-to-build-facebook-community,https://emplifi.io/resources/blog/how-to-build-facebook-community,0,url,301,url,0,5 Essentials of Building a Successful Facebook Community
https://socialbackers.com/blog/6-ways-to-stand-out-on-instagram,https://emplifi.io/resources/blog/6-ways-to-stand-out-on-instagram,0,url,301,url,0,6 Ways to Stand Out on Instagram in 2020
https://socialbackers.com/blog/tips-how-to-improve-video-call-quality,https://emplifi.io/resources/blog/tips-how-to-improve-video-call-quality,0,url,301,url,0,5 Tips How to Improve Your Video Call Quality
https://socialbackers.com/blog/instagram-content-hacks,https://emplifi.io/resources/blog/instagram-content-hacks,0,url,301,url,0,2021 Instagram Hacks: Create and Publish Great Content
https://socialbackers.com/blog/how-instagram-shops-will-transform-ecommerce,https://emplifi.io/resources/blog/how-instagram-shops-will-transform-ecommerce,0,url,301,url,0,How Instagram Shops Will Transform Ecommerce
https://socialbackers.com/blog/top-of-the-funnel-marketing-guide,https://emplifi.io/resources/blog/top-of-the-funnel-marketing-guide,0,url,301,url,0,Starting Off Right: Better Top of the Funnel Marketing
https://socialbackers.com/blog/social-media-marketing-mistakes,https://emplifi.io/resources/blog/social-media-marketing-mistakes,0,url,301,url,0,12 Most Common Social Media Marketing Mistakes and How to Avoid Them
https://socialbackers.com/blog/how-to-market-a-product-on-instagram,https://emplifi.io/resources/blog/how-to-market-a-product-on-instagram,0,url,301,url,0,How to Market Your Product With Instagram Reels
https://socialbackers.com/blog/instagram-engagement,https://emplifi.io/resources/blog/instagram-engagement,0,url,301,url,0,Instagram Engagement: Everything You Need to Know [Exclusive Stats]
https://socialbackers.com/blog/difference-between-social-listening-and-social-monitoring,https://emplifi.io/resources/blog/difference-between-social-listening-and-social-monitoring,0,url,301,url,0,What's the Difference Between Social Listening and Social Monitoring?
https://socialbackers.com/blog/things-marketers-must-know-about-tiktok,https://emplifi.io/resources/blog/things-marketers-must-know-about-tiktok,0,url,301,url,0,5 Things Marketers Must Know Before Joining TikTok
https://socialbackers.com/blog/19-tips-to-jumpstart-your-instagram-igtv-strategy,https://emplifi.io/resources/blog/19-tips-to-jumpstart-your-instagram-igtv-strategy,0,url,301,url,0,How to Jumpstart Your IGTV Marketing Strategy
https://socialbackers.com/blog/467-formulas-revealed-the-facebook-and-twitter-engagement-rate,https://emplifi.io/resources/blog/467-formulas-revealed-the-facebook-and-twitter-engagement-rate,0,url,301,url,0,Formulas Revealed: The Facebook and Twitter Engagement Rate
https://socialbackers.com/blog/social-media-and-email-marketing-integration,https://emplifi.io/resources/blog/social-media-and-email-marketing-integration,0,url,301,url,0,How to Integrate Email Marketing with Your Social Media Efforts
https://socialbackers.com/blog/social-media-storytelling,https://emplifi.io/resources/blog/social-media-storytelling,0,url,301,url,0,How to Use Social Media Storytelling to Skyrocket Your Engagement
https://socialbackers.com/blog/visual-content-social-media,https://emplifi.io/resources/blog/visual-content-social-media,0,url,301,url,0,8 Visuals to Improve Social Media Traffic in 2021
https://socialbackers.com/blog/linkedin-updates,https://emplifi.io/resources/blog/linkedin-updates,0,url,301,url,0,The 2021 LinkedIn Updates You Need to Know About
https://socialbackers.com/blog/facebook-updates,https://emplifi.io/resources/blog/facebook-updates,0,url,301,url,0,The Key 2021 Facebook Updates Everyone Should Know
https://socialbackers.com/blog/how-to-work-with-influencers-on-tiktok,https://emplifi.io/resources/blog/how-to-work-with-influencers-on-tiktok,0,url,301,url,0,How to Work With Influencers on TikTok
https://socialbackers.com/blog/vpn-benefits-for-digital-marketing-success,https://emplifi.io/resources/blog/vpn-benefits-for-digital-marketing-success,0,url,301,url,0,8 Benefits of VPN for Digital Marketing Success
https://socialbackers.com/blog/808-article-the-20-most-interesting-social-networks,https://emplifi.io/resources/blog/808-article-the-20-most-interesting-social-networks,0,url,301,url,0,Article: The 20 Most Interesting Social Networks
https://socialbackers.com/blog/social-media-experts,https://emplifi.io/resources/blog/social-media-experts,0,url,301,url,0,12 Social Media Experts to Follow in 2021
https://socialbackers.com/blog/cognitive-biases-in-social-media,https://emplifi.io/resources/blog/cognitive-biases-in-social-media,0,url,301,url,0,How to Deal With Cognitive Biases in Social Media Content
https://socialbackers.com/blog/tiktok-algorithm,https://emplifi.io/resources/blog/tiktok-algorithm,0,url,301,url,0,How to Make the TikTok Algorithm Work for Your Marketing Campaign
https://socialbackers.com/blog/794-article-facebook-the-most-popular-social-network,https://emplifi.io/resources/blog/794-article-facebook-the-most-popular-social-network,0,url,301,url,0,Article: Facebook - The Most Popular Social Network
https://socialbackers.com/blog/social-listening-guide,https://emplifi.io/resources/blog/social-listening-guide,0,url,301,url,0,The Ultimate Guide to Social Listening
https://socialbackers.com/blog/social-media-for-pr,https://emplifi.io/resources/blog/social-media-for-pr,0,url,301,url,0,How to Use Social Media for PR: A Step-by-step Guide
https://socialbackers.com/blog/social-media-style-guide,https://emplifi.io/resources/blog/social-media-style-guide,0,url,301,url,0,Winning Social Media Style Guide: 5-Step Process to Implement
https://socialbackers.com/blog/social-media-glossary-terms-definitions,https://emplifi.io/resources/blog/social-media-glossary-terms-definitions,0,url,301,url,0,The Ultimate Glossary of Social Media Marketing Terms and Definitions
https://socialbackers.com/blog/buyer-persona-template,https://emplifi.io/resources/blog/buyer-persona-template,0,url,301,url,0,Your Buyer Persona Template: The Complete Guide
https://socialbackers.com/blog/2368-everything-is-awesome-lego-s-monster-year-on-social,https://emplifi.io/resources/blog/2368-everything-is-awesome-lego-s-monster-year-on-social,0,url,301,url,0,Everything is Awesome: LEGO’s Monster Year on Social
https://socialbackers.com/blog/how-to-get-verified-on-instagram,https://emplifi.io/resources/blog/how-to-get-verified-on-instagram,0,url,301,url,0,How to Get Verified on Instagram
https://socialbackers.com/blog/4-reasons-why-dark-posts-going-public-is-good-for-marketers,https://emplifi.io/resources/blog/4-reasons-why-dark-posts-going-public-is-good-for-marketers,0,url,301,url,0,4 Reasons Why Dark Posts Going Public Is Good for Marketers
https://socialbackers.com/blog/social-media-content-strategy,https://emplifi.io/resources/blog/social-media-content-strategy,0,url,301,url,0,Effective Social Media Content Strategy for Business
https://socialbackers.com/blog/key-qualities-of-social-media-content-strategy,https://emplifi.io/resources/blog/key-qualities-of-social-media-content-strategy,0,url,301,url,0,9 Key Qualities of a Strong Social Media Content Strategy
https://socialbackers.com/blog/instagram-reels-vs-tiktok,https://emplifi.io/resources/blog/instagram-reels-vs-tiktok,0,url,301,url,0,Instagram Reels vs. Tiktok: Will Reels Replace Tiktok?
https://socialbackers.com/blog/fake-social-media-influencers,https://emplifi.io/resources/blog/fake-social-media-influencers,0,url,301,url,0,Fake Social Media Influencers: How to Not Get Scammed
https://socialbackers.com/blog/customer-journey,https://emplifi.io/resources/blog/customer-journey,0,url,301,url,0,How to Design a Customer Journey
https://socialbackers.com/blog/social-media-competitive-analysis,https://emplifi.io/resources/blog/social-media-competitive-analysis,0,url,301,url,0,Your Guide to Social Media Competitive Analysis
https://socialbackers.com/blog/social-media-audit,https://emplifi.io/resources/blog/social-media-audit,0,url,301,url,0,How to Perform a Stress-Free Social Media Audit - Template Included
https://socialbackers.com/blog/647-top-10-biggest-facebook-cities,https://emplifi.io/resources/blog/647-top-10-biggest-facebook-cities,0,url,301,url,0,Top 10 Biggest Facebook Cities
https://socialbackers.com/blog/how-to-use-memes-in-social-media,https://emplifi.io/resources/blog/how-to-use-memes-in-social-media,0,url,301,url,0,How to Use Memes in Social Media Marketing
https://socialbackers.com/blog/how-to-use-social-media-for-affiliate-marketing,https://emplifi.io/resources/blog/how-to-use-social-media-for-affiliate-marketing,0,url,301,url,0,How to Use Social Media for Affiliate Marketing
https://socialbackers.com/blog/859-article-how-to-create-a-community-page,https://emplifi.io/resources/blog/859-article-how-to-create-a-community-page,0,url,301,url,0,Article: How to Create a Community Page
https://socialbackers.com/blog/5-ways-brands-can-make-the-best-use-of-facebook-stories,https://emplifi.io/resources/blog/5-ways-brands-can-make-the-best-use-of-facebook-stories,0,url,301,url,0,5 Ways Brands Can Make the Best Use of Facebook Stories
https://socialbackers.com/blog/customer-journey-map,https://emplifi.io/resources/blog/customer-journey-map,0,url,301,url,0,Customer Journey Map Templates and Examples for 2021
https://socialbackers.com/blog/how-to-use-sentiment-analysis-for-brand-building,https://emplifi.io/resources/blog/how-to-use-sentiment-analysis-for-brand-building,0,url,301,url,0,How to Use Sentiment Analysis for Brand Building
https://socialbackers.com/blog/481-10-biggest-industries-on-facebook,https://emplifi.io/resources/blog/481-10-biggest-industries-on-facebook,0,url,301,url,0,10 Biggest Industries on Facebook
https://socialbackers.com/blog/1646-tracking-the-right-kpis-the-automotive-industry,https://emplifi.io/resources/blog/1646-tracking-the-right-kpis-the-automotive-industry,0,url,301,url,0,Tracking the Right KPIs: The Automotive Industry
https://socialbackers.com/blog/6-essential-elements-content-marketing-campaign,https://emplifi.io/resources/blog/6-essential-elements-content-marketing-campaign,0,url,301,url,0,6 Essential Elements of a Successful Content Marketing Campaign
https://socialbackers.com/blog/26-most-expensive-pay-per-click-advertising-countries-on-facebook,https://emplifi.io/resources/blog/26-most-expensive-pay-per-click-advertising-countries-on-facebook,0,url,301,url,0,Most expensive pay per click advertising countries on Facebook
https://socialbackers.com/blog/2540-you-can-now-track-facebook-reactions-in-socialbakers,https://emplifi.io/resources/blog/2540-you-can-now-track-facebook-reactions-in-socialbakers,0,url,301,url,0,You Can Now Track Facebook Reactions in Socialbakers!
https://socialbackers.com/blog/social-media-link-building-tips,https://emplifi.io/resources/blog/social-media-link-building-tips,0,url,301,url,0,6 Easy Ways to Win More Social Media Backlinks Instantly
https://socialbackers.com/blog/top-10-travel-influencers-brands-need-to-know-about,https://emplifi.io/resources/blog/top-10-travel-influencers-brands-need-to-know-about,0,url,301,url,0,Top 10 Travel Influencers Brands Need to Know About
https://socialbackers.com/blog/top-10-youtube-influencers-every-brand-needs-to-know-about,https://emplifi.io/resources/blog/top-10-youtube-influencers-every-brand-needs-to-know-about,0,url,301,url,0,Top 10 YouTube Influencers Every Brand Needs to Know
https://socialbackers.com/blog/39-top-10-movies-on-facebook,https://emplifi.io/resources/blog/39-top-10-movies-on-facebook,0,url,301,url,0,Top 10 movies on Facebook
https://socialbackers.com/blog/best-social-media-management-tools,https://emplifi.io/resources/blog/best-social-media-management-tools,0,url,301,url,0,Best Social Media Management Tools
https://socialbackers.com/blog/best-social-media-management-tools,https://emplifi.io/resources/blog/best-social-media-management-tools,0,url,301,url,0,The Best Social Media Management Tools in 2021
https://socialbackers.com/blog/knowing-your-target-audience-is-key-in-content-marketing,https://emplifi.io/resources/blog/knowing-your-target-audience-is-key-in-content-marketing,0,url,301,url,0,Why Knowing Your Target Audience Is Key in Content Marketing
https://socialbackers.com/blog/961-10-most-facebook-addicted-countries-on-facebook,https://emplifi.io/resources/blog/961-10-most-facebook-addicted-countries-on-facebook,0,url,301,url,0,10 Most Facebook-Addicted Countries on Facebook
https://socialbackers.com/blog/setting-up-a-strong-local-global-social-media-strategy,https://emplifi.io/resources/blog/setting-up-a-strong-local-global-social-media-strategy,0,url,301,url,0,Setting up a Strong Local-Global Social Media Strategy
https://socialbackers.com/blog/33-must-have-content-creation-tools-every-brand-needs,https://emplifi.io/resources/blog/33-must-have-content-creation-tools-every-brand-needs,0,url,301,url,0,33 Must-Have Content Creation Tools Every Brand Needs
https://socialbackers.com/blog/facebook-live-vs-prerecorded-videos,https://emplifi.io/resources/blog/facebook-live-vs-prerecorded-videos,0,url,301,url,0,How to Choose Between Facebook Live and Pre-Recorded Videos
https://socialbackers.com/blog/organic-social-media-strategy,https://emplifi.io/resources/blog/organic-social-media-strategy,0,url,301,url,0,5 Essential Tactics to Improve Your Organic Social Media Marketing
https://socialbackers.com/blog/instagram-vs-facebook-advertising-differences-and-best-practices,https://emplifi.io/resources/blog/instagram-vs-facebook-advertising-differences-and-best-practices,0,url,301,url,0,Instagram vs. Facebook: Differences and Best Practices in 2021
https://socialbackers.com/blog/883-how-to-set-up-your-own-facebook-house-rules,https://emplifi.io/resources/blog/883-how-to-set-up-your-own-facebook-house-rules,0,url,301,url,0,How To Set Up Your Own Facebook House Rules
https://socialbackers.com/blog/personalized-marketing-on-social-media,https://emplifi.io/resources/blog/personalized-marketing-on-social-media,0,url,301,url,0,Personalized Marketing on Social Media: The Ultimate Guide
https://socialbackers.com/blog/micro-influencers-vs-macro-influencers,https://emplifi.io/resources/blog/micro-influencers-vs-macro-influencers,0,url,301,url,0,Micro Influencers vs Macro Influencers: What’s Best for Your Business?
https://socialbackers.com/blog/1540-tracking-the-right-kpis-the-electronics-industry,https://emplifi.io/resources/blog/1540-tracking-the-right-kpis-the-electronics-industry,0,url,301,url,0,Tracking the Right KPIs: The Electronics Industry
https://socialbackers.com/blog/2203-how-engagement-and-social-interactions-correlate-with-reach,https://emplifi.io/resources/blog/2203-how-engagement-and-social-interactions-correlate-with-reach,0,url,301,url,0,How Engagement and Social Interactions Correlate with Reach
https://socialbackers.com/blog/218-how-to-start-your-own-facebook-page-10-tips-for-success,https://emplifi.io/resources/blog/218-how-to-start-your-own-facebook-page-10-tips-for-success,0,url,301,url,0,How to start your own Facebook Page: 10 Tips for Success
https://socialbackers.com/blog/relatorio-de-tendencias-de-redes-sociais-os-principais-insights-que-voce-precisa-conhecer,https://emplifi.io/resources/blog/relatorio-de-tendencias-de-redes-sociais-os-principais-insights-que-voce-precisa-conhecer,0,url,301,url,0,Relatório de Tendências de Redes Sociais: os principais insights que você precisa conhecer
https://socialbackers.com/blog/38-top-10-countries-on-facebook-in-the-last-six-months,https://emplifi.io/resources/blog/38-top-10-countries-on-facebook-in-the-last-six-months,0,url,301,url,0,Top 10 countries on Facebook in the last six months
https://socialbackers.com/blog/go-pro,https://emplifi.io/resources/blog/go-pro,0,url,301,url,0,GoPro: Creating an Authentic Brand Through User-Generated Content
https://socialbackers.com/blog/sports-teams-on-social-media-during-pandemic,https://emplifi.io/resources/blog/sports-teams-on-social-media-during-pandemic,0,url,301,url,0,How Sports Teams Managed Social Media During the Pandemic
https://socialbackers.com/blog/datadriven-social-marketing-on-instagram,https://emplifi.io/resources/blog/datadriven-social-marketing-on-instagram,0,url,301,url,0,Instagram Marketing Review: Top Industries
https://socialbackers.com/blog/how-to-create-a-social-media-proposal,https://emplifi.io/resources/blog/how-to-create-a-social-media-proposal,0,url,301,url,0,How to Create a Social Media Proposal That Lands Clients Instantly
https://socialbackers.com/blog/target-audience-on-facebook-how-to-reach-and-convert-them,https://emplifi.io/resources/blog/target-audience-on-facebook-how-to-reach-and-convert-them,0,url,301,url,0,Target Audience on Facebook: How to Reach and Convert Them
https://socialbackers.com/blog/social-media-for-financial-services-data-report-2019,https://emplifi.io/resources/blog/social-media-for-financial-services-data-report-2019,0,url,301,url,0,Social Media for Financial Services – Data Report 2019
https://socialbackers.com/blog/7-instagram-story-ideas-that-work-for-business,https://emplifi.io/resources/blog/7-instagram-story-ideas-that-work-for-business,0,url,301,url,0,7 Instagram Story Ideas That Work for Business
https://socialbackers.com/blog/1984-videos-under-two-minutes-generate-the-most-youtube-views,https://emplifi.io/resources/blog/1984-videos-under-two-minutes-generate-the-most-youtube-views,0,url,301,url,0,Videos Under Two Minutes Generate the Most YouTube Views
https://socialbackers.com/blog/52-top-10-politicians-on-facebook,https://emplifi.io/resources/blog/52-top-10-politicians-on-facebook,0,url,301,url,0,Top 10 politicians on Facebook
https://socialbackers.com/blog/1631-how-are-you-measuring-up-tracking-the-right-kpis-for-the-alcohol-industry,https://emplifi.io/resources/blog/1631-how-are-you-measuring-up-tracking-the-right-kpis-for-the-alcohol-industry,0,url,301,url,0,How Are You Measuring Up:  Tracking the Right KPIs for the Alcohol Industry
https://socialbackers.com/blog/lush-building-authentic-customer-relationships,https://emplifi.io/resources/blog/lush-building-authentic-customer-relationships,0,url,301,url,0,LUSH: Building Authentic Customer Relationships
https://socialbackers.com/blog/social-media-video-tips,https://emplifi.io/resources/blog/social-media-video-tips,0,url,301,url,0,9 Top Social Media Video Tips You Must Know for 2019
https://socialbackers.com/blog/2714-fill-in-the-gaps-with-these-social-media-team-roles,https://emplifi.io/resources/blog/2714-fill-in-the-gaps-with-these-social-media-team-roles,0,url,301,url,0,Fill in the Gaps With These Social Media Team Roles
https://socialbackers.com/blog/how-to-schedule-instagram-stories,https://emplifi.io/resources/blog/how-to-schedule-instagram-stories,0,url,301,url,0,How to Schedule Instagram Stories: A Simple Step-by-Step Guide
https://socialbackers.com/blog/pinterest-marketing-strategy,https://emplifi.io/resources/blog/pinterest-marketing-strategy,0,url,301,url,0,How to Build a Successful Pinterest Marketing Strategy: A Marketer's Guide
https://socialbackers.com/blog/are-social-media-bots-hurting-your-paid-ads,https://emplifi.io/resources/blog/are-social-media-bots-hurting-your-paid-ads,0,url,301,url,0,Are Social Media Bots Hurting Your Paid Campaigns?
https://socialbackers.com/blog/fitness-industry-takes-a-hit-from-covid,https://emplifi.io/resources/blog/fitness-industry-takes-a-hit-from-covid,0,url,301,url,0,How the Fitness Industry Is Responding to Coronavirus
https://socialbackers.com/blog/how-to-build-relationships-with-social-media-influencers-from-the-ground-up,https://emplifi.io/resources/blog/how-to-build-relationships-with-social-media-influencers-from-the-ground-up,0,url,301,url,0,How to Build Relationships With Social Media Influencers from the Ground Up
https://socialbackers.com/blog/2126-the-ultimate-guide-to-hashtags,https://emplifi.io/resources/blog/2126-the-ultimate-guide-to-hashtags,0,url,301,url,0,The Ultimate Guide to Hashtags
https://socialbackers.com/blog/free-tools-and-statistics-notice,https://emplifi.io/resources/blog/free-tools-and-statistics-notice,0,url,301,url,0,We’re Making Space for Big Changes by Closing Our Stats and Free Tools
https://socialbackers.com/blog/1427-engagement-rate-a-metric-you-can-count-on,https://emplifi.io/resources/blog/1427-engagement-rate-a-metric-you-can-count-on,0,url,301,url,0,Engagement Rate: A Metric You Can Count On
https://socialbackers.com/blog/inbound-marketing-strategies,https://emplifi.io/resources/blog/inbound-marketing-strategies,0,url,301,url,0,Inbound Marketing Strategies Using Social Media
https://socialbackers.com/blog/2199-socialbakers-now-recommends-interactions-over-engagement-rate,https://emplifi.io/resources/blog/2199-socialbakers-now-recommends-interactions-over-engagement-rate,0,url,301,url,0,Socialbakers Now Recommends Interactions over Engagement Rate
https://socialbackers.com/blog/influencer-marketing-report,https://emplifi.io/resources/blog/influencer-marketing-report,0,url,301,url,0,State of Influencer Marketing Report: Effects of Coronavirus
https://socialbackers.com/blog/the-social-media-metrics-that-really-matter,https://emplifi.io/resources/blog/the-social-media-metrics-that-really-matter,0,url,301,url,0,The Social Media Metrics That Really Matter
https://socialbackers.com/blog/brands-helping-out-during-coronavirus-crisis,https://emplifi.io/resources/blog/brands-helping-out-during-coronavirus-crisis,0,url,301,url,0,Brands Helping Out During Coronavirus Crisis
https://socialbackers.com/blog/1545-the-alcohol-industry,https://emplifi.io/resources/blog/1545-the-alcohol-industry,0,url,301,url,0,The Alcohol Industry: The Role of KPI Analysis to Resolve Business Problems
https://socialbackers.com/blog/how-to-be-successful-with-paid-social-media-advertising,https://emplifi.io/resources/blog/how-to-be-successful-with-paid-social-media-advertising,0,url,301,url,0,How to Get Your Paid Social Media in Order (Step by Step)
https://socialbackers.com/blog/instagram-vs-facebook-report-key-trends-you-need-to-know,https://emplifi.io/resources/blog/instagram-vs-facebook-report-key-trends-you-need-to-know,0,url,301,url,0,Instagram vs. Facebook Report: Key Trends You Need to Know
https://socialbackers.com/blog/how-to-create-a-social-media-content-calendar,https://emplifi.io/resources/blog/how-to-create-a-social-media-content-calendar,0,url,301,url,0,How to Create a Social Media Content Calendar With Ease
https://socialbackers.com/blog/1064-top-10-fastest-growing-facebook-languages,https://emplifi.io/resources/blog/1064-top-10-fastest-growing-facebook-languages,0,url,301,url,0,Top 10 Fastest Growing Facebook Languages
https://socialbackers.com/blog/2613-lego-s-secrets-to-a-successful-social-media-strategy,https://emplifi.io/resources/blog/2613-lego-s-secrets-to-a-successful-social-media-strategy,0,url,301,url,0,LEGO’s Secrets to a Successful Social Media Strategy
https://socialbackers.com/blog/instagram-marketing-tips-from-a-to-z,https://emplifi.io/resources/blog/instagram-marketing-tips-from-a-to-z,0,url,301,url,0,27 Instagram Marketing Tips for Business
https://socialbackers.com/blog/390-social-media-statistics-of-facebook-youtube-for-brands-in-brazil-january-2012,https://emplifi.io/resources/blog/390-social-media-statistics-of-facebook-youtube-for-brands-in-brazil-january-2012,0,url,301,url,0,Social Media Statistics of Facebook & YouTube for brands in Brazil - January 2012
https://socialbackers.com/blog/recession-marketing,https://emplifi.io/resources/blog/recession-marketing,0,url,301,url,0,Marketing During the Downturn: Recession Strategy 101
https://socialbackers.com/blog/managing-social-for-uk-embassy-insiders-view,https://emplifi.io/resources/blog/managing-social-for-uk-embassy-insiders-view,0,url,301,url,0,Managing Social for the UK Embassy: The Insider's View
https://socialbackers.com/blog/2367-native-facebook-videos-get-more-reach-than-any-other-type-of-post,https://emplifi.io/resources/blog/2367-native-facebook-videos-get-more-reach-than-any-other-type-of-post,0,url,301,url,0,Native Facebook Videos Get More Reach Than Any Other Type of Post
https://socialbackers.com/blog/complete-guide-for-how-to-use-instagram-hashtags-like-a-boss,https://emplifi.io/resources/blog/complete-guide-for-how-to-use-instagram-hashtags-like-a-boss,0,url,301,url,0,Complete Guide for How to Use Instagram Hashtags Like a Boss
https://socialbackers.com/blog/1417-facebook-videos-vs-youtube-links-which-gets-higher-engagement,https://emplifi.io/resources/blog/1417-facebook-videos-vs-youtube-links-which-gets-higher-engagement,0,url,301,url,0,Facebook Videos vs YouTube Links: Which Gets Higher Engagement?
https://socialbackers.com/blog/215-how-to-use-facebook-questions-to-increase-engagements-and-fans,https://emplifi.io/resources/blog/215-how-to-use-facebook-questions-to-increase-engagements-and-fans,0,url,301,url,0,How to Use Facebook Questions to Increase Engagements and Fans
https://socialbackers.com/blog/social-media-trends-report-q2-2020,https://emplifi.io/resources/blog/social-media-trends-report-q2-2020,0,url,301,url,0,Social Media Trends Report: Key Insights From Q2 2020
https://socialbackers.com/blog/2285-the-social-health-index-a-new-way-to-measure-social-performance,https://emplifi.io/resources/blog/2285-the-social-health-index-a-new-way-to-measure-social-performance,0,url,301,url,0,The Social Health Index: A New Way to Measure Social Performance
https://socialbackers.com/blog/singapore-government-performance-report,https://emplifi.io/resources/blog/singapore-government-performance-report,0,url,301,url,0,Singapore Government Performance Benchmark Report 2020 Overview
https://socialbackers.com/blog/250-world-s-fastest-growing-facebook-pages,https://emplifi.io/resources/blog/250-world-s-fastest-growing-facebook-pages,0,url,301,url,0,World’s fastest growing Facebook pages
https://socialbackers.com/blog/covid-19-is-changing-behavior-on-social-media-for-both-brands-and-users,https://emplifi.io/resources/blog/covid-19-is-changing-behavior-on-social-media-for-both-brands-and-users,0,url,301,url,0,COVID-19 Is Changing Behavior on Social Media for Both Brands and Users
https://socialbackers.com/blog/2181-finding-the-right-interactions-for-your-facebook-page,https://emplifi.io/resources/blog/2181-finding-the-right-interactions-for-your-facebook-page,0,url,301,url,0,Finding the Right Interactions for Your Facebook Page
https://socialbackers.com/blog/1452-facebook-videos-have-a-10x-higher-viral-reach-than-youtube-links,https://emplifi.io/resources/blog/1452-facebook-videos-have-a-10x-higher-viral-reach-than-youtube-links,0,url,301,url,0,Facebook Videos Have a 10x Higher Viral Reach than YouTube Links
https://socialbackers.com/blog/why-the-buyer-s-persona-is-even-more-important-on-social-media,https://emplifi.io/resources/blog/why-the-buyer-s-persona-is-even-more-important-on-social-media,0,url,301,url,0,Why the Buyer Persona Is Even More Important on Social Media
https://socialbackers.com/blog/marcas-que-lograron-una-correcta-transformacion-digital,https://emplifi.io/resources/blog/marcas-que-lograron-una-correcta-transformacion-digital,0,url,301,url,0,Marcas que lograron una correcta transformación digital
https://socialbackers.com/blog/955-what-s-the-average-reach-of-your-facebook-post,https://emplifi.io/resources/blog/955-what-s-the-average-reach-of-your-facebook-post,0,url,301,url,0,What’s The Average Reach Of Your Facebook Post?
https://socialbackers.com/blog/2690-exclusive-data-on-instagram-carousels-how-well-do-they-work,https://emplifi.io/resources/blog/2690-exclusive-data-on-instagram-carousels-how-well-do-they-work,0,url,301,url,0,Exclusive Data on Instagram Carousels: How Well Do They Work?
https://socialbackers.com/blog/tiktok-facts-you-need-to-know,https://emplifi.io/resources/blog/tiktok-facts-you-need-to-know,0,url,301,url,0,What’s the Real Deal Behind TikTok: The Facts You Need to Know
https://socialbackers.com/blog/369-facebook-statistics-top-growing-countries-in-january,https://emplifi.io/resources/blog/369-facebook-statistics-top-growing-countries-in-january,0,url,301,url,0,Facebook Statistics: Top growing countries in January
https://socialbackers.com/blog/instagram-analytics-tools,https://emplifi.io/resources/blog/instagram-analytics-tools,0,url,301,url,0,The Best Instagram Analytics Tools in 2020
https://socialbackers.com/blog/ai-image-recognition-in-marketing,https://emplifi.io/resources/blog/ai-image-recognition-in-marketing,0,url,301,url,0,AI Image Recognition Is Changing Marketing Forever
https://socialbackers.com/blog/15-powerful-tips-to-master-influencer-marketing-on-instagram,https://emplifi.io/resources/blog/15-powerful-tips-to-master-influencer-marketing-on-instagram,0,url,301,url,0,15 Powerful Tips to Master Influencer Marketing on Instagram
https://socialbackers.com/blog/persona-mapping,https://emplifi.io/resources/blog/persona-mapping,0,url,301,url,0,5 Reasons Why You Should Use Persona Mapping for Your Social Media Strategy
https://socialbackers.com/blog/social-commerce-marketing-guide,https://emplifi.io/resources/blog/social-commerce-marketing-guide,0,url,301,url,0,Social Commerce Marketing Guide 2021 for Global Brands
https://socialbackers.com/blog/sports-vs-esports-social-media-report-2020,https://emplifi.io/resources/blog/sports-vs-esports-social-media-report-2020,0,url,301,url,0,Sports vs. Esports: Social Media Industry Report 2020
https://socialbackers.com/blog/customer-retention-guide,https://emplifi.io/resources/blog/customer-retention-guide,0,url,301,url,0,The Guide to Customer Retention on Social Media
https://socialbackers.com/blog/how-to-use-socialbakers-for-social-listening,https://emplifi.io/resources/blog/how-to-use-socialbakers-for-social-listening,0,url,301,url,0,How to Use Socialbakers Social Listening to Tune Into Customers
https://socialbackers.com/blog/social-media-analytics-tools,https://emplifi.io/resources/blog/social-media-analytics-tools,0,url,301,url,0,12 Social Media Analytics Tools for Your Brand in 2020
https://socialbackers.com/blog/ai-in-digital-marketing-transform-the-way-your-teams-do-marketing-in-2020,https://emplifi.io/resources/blog/ai-in-digital-marketing-transform-the-way-your-teams-do-marketing-in-2020,0,url,301,url,0,AI in Digital Marketing: Transform the Way Your Teams Do Marketing in 2020
https://socialbackers.com/blog/social-media-kpis-cpg,https://emplifi.io/resources/blog/social-media-kpis-cpg,0,url,301,url,0,7 Social Media KPIs You Need to Track in the CPG Industry
https://socialbackers.com/blog/how-to-create-landing-page-for-facebook-ads,https://emplifi.io/resources/blog/how-to-create-landing-page-for-facebook-ads,0,url,301,url,0,How to Create a Landing Page for Facebook Ads
https://socialbackers.com/blog/facebook-advertising-tips,https://emplifi.io/resources/blog/facebook-advertising-tips,0,url,301,url,0,8 Pro Facebook Advertising Tips You Need to Try Right Now
https://socialbackers.com/blog/marketing-professionals-amplifying-bipoc-voices,https://emplifi.io/resources/blog/marketing-professionals-amplifying-bipoc-voices,0,url,301,url,0,10 Marketing Professionals Who Are Amplifying BIPOC Voices
https://socialbackers.com/blog/twitter-analytics-guide,https://emplifi.io/resources/blog/twitter-analytics-guide,0,url,301,url,0,How to Use Twitter Analytics: The Complete Guide
https://socialbackers.com/blog/5-ways-your-marketing-funnel-is-exactly-like-your-dating-life,https://emplifi.io/resources/blog/5-ways-your-marketing-funnel-is-exactly-like-your-dating-life,0,url,301,url,0,5 Ways Your Marketing Funnel Is Exactly Like Your Dating Life
https://socialbackers.com/blog/what-is-clubhouse-app,https://emplifi.io/resources/blog/what-is-clubhouse-app,0,url,301,url,0,Clubhouse 101 Guide: What Is Clubhouse and How to Get Started
https://socialbackers.com/blog/social-media-goals,https://emplifi.io/resources/blog/social-media-goals,0,url,301,url,0,How to Set and Reach (Infinite) Social Media Goals
https://socialbackers.com/blog/social-media-kpis-telco,https://emplifi.io/resources/blog/social-media-kpis-telco,0,url,301,url,0,6 Social Media KPIs You Need to Track for the Telco Industry
https://socialbackers.com/blog/social-media-marketing-strategy,https://emplifi.io/resources/blog/social-media-marketing-strategy,0,url,301,url,0,9 Key Steps for a Winning Social Media Marketing Strategy
https://socialbackers.com/blog/instagram-algorithm,https://emplifi.io/resources/blog/instagram-algorithm,0,url,301,url,0,Instagram Algorithm: How to Use It To Your Advantage
https://socialbackers.com/blog/social-media-community-manager-tips,https://emplifi.io/resources/blog/social-media-community-manager-tips,0,url,301,url,0,8 Killer Tips for Better Social Media Community Management
https://socialbackers.com/blog/how-to-manage-and-grow-social-media-community,https://emplifi.io/resources/blog/how-to-manage-and-grow-social-media-community,0,url,301,url,0,How to Manage and Grow a Social Media Community
https://socialbackers.com/blog/how-social-media-customer-service-helps-your-brand,https://emplifi.io/resources/blog/how-social-media-customer-service-helps-your-brand,0,url,301,url,0,How Providing Excellent Social Media Customer Service Helps Your Brand
https://socialbackers.com/blog/customer-retention-strategies-in-uncertain-times,https://emplifi.io/resources/blog/customer-retention-strategies-in-uncertain-times,0,url,301,url,0,7 Customer Retention Strategies in These Uncertain Times
https://socialbackers.com/blog/social-media-expert-qa-with-candace-kuss,https://emplifi.io/resources/blog/social-media-expert-qa-with-candace-kuss,0,url,301,url,0,Engage Speakers Series: Q&A With Candace Kuss
https://socialbackers.com/blog/social-media-expert-qa-with-sarah-boyd,https://emplifi.io/resources/blog/social-media-expert-qa-with-sarah-boyd,0,url,301,url,0,Engage Speakers Series: Q&A With Sarah Boyd
https://socialbackers.com/blog/social-media-expert-qa-with-mari-smith,https://emplifi.io/resources/blog/social-media-expert-qa-with-mari-smith,0,url,301,url,0,Engage Speakers Series: Q&A With Mari Smith
https://socialbackers.com/blog/time-to-bridge-the-customer-experience-gap,https://emplifi.io/resources/blog/time-to-bridge-the-customer-experience-gap,0,url,301,url,0,Mission Critical: It’s Time to Bridge the Customer Experience Gap
https://socialbackers.com/blog/twitter-customer-service,https://emplifi.io/resources/blog/twitter-customer-service,0,url,301,url,0,6 Tips to Provide Top-Notch Customer Service on Twitter
https://socialbackers.com/blog/influencer-tips-on-growing-your-tiktok-brand,https://emplifi.io/resources/blog/influencer-tips-on-growing-your-tiktok-brand,0,url,301,url,0,Influencer Spotlight: Natalia Sisik’s Tips on Growing Your TikTok Brand
https://socialbackers.com/blog/social-media-expert-qa-with-shelcy-joseph,https://emplifi.io/resources/blog/social-media-expert-qa-with-shelcy-joseph,0,url,301,url,0,Engage Speakers Series: Q&A With Shelcy Joseph
https://socialbackers.com/blog/social-media-expert-qa-with-udi-ledergor,https://emplifi.io/resources/blog/social-media-expert-qa-with-udi-ledergor,0,url,301,url,0,Engage Speakers Series: Q&A With Udi Ledergor
https://socialbackers.com/blog/instagram-reels-tiktok,https://emplifi.io/resources/blog/instagram-reels-tiktok,0,url,301,url,0,Instagram Reels vs. TikTok: New Feature Coming Soon to US
https://socialbackers.com/blog/how-socialbakers-is-helping-voices-for-equality-be-heard,https://emplifi.io/resources/blog/how-socialbakers-is-helping-voices-for-equality-be-heard,0,url,301,url,0,How Socialbakers Is Helping Voices for Equality Be Heard
https://socialbackers.com/blog/primetime-just-got-even-better-plus-more-of-your-favorite-flexible-widgets,https://emplifi.io/resources/blog/primetime-just-got-even-better-plus-more-of-your-favorite-flexible-widgets,0,url,301,url,0,PrimeTime just got even better plus more of your favorite Flexible Widgets
https://socialbackers.com/blog/say-hello-to-the-new-community,https://emplifi.io/resources/blog/say-hello-to-the-new-community,0,url,301,url,0,Say hello to the new Community
https://socialbackers.com/blog/emplifi-tiktok-business-analytics-publishing-video-strategy,https://emplifi.io/resources/blog/emplifi-tiktok-business-analytics-publishing-video-strategy,0,url,301,url,0,"Engage, entertain and amplify through the power TikTok for Business"
https://socialbackers.com/blog/check-out-new-flexible-widgets-for-paid-metrics-plus-instagram-grid-previews,https://emplifi.io/resources/blog/check-out-new-flexible-widgets-for-paid-metrics-plus-instagram-grid-previews,0,url,301,url,0,New flexible widgets for Twitter Ads reporting plus interactive Instagram Grid previews in Publisher
https://socialbackers.com/blog/linkedin-insights-emplifi-analytics-dashboard-widgets,https://emplifi.io/resources/blog/linkedin-insights-emplifi-analytics-dashboard-widgets,0,url,301,url,0,Actionable insights from LinkedIn now available for owned profiles in Emplifi Content Hub & Dashboard
https://socialbackers.com/blog/publish-video-carousels-to-ig-better-analyze-all-your-paid-activities-with-twitter-ads-integration,https://emplifi.io/resources/blog/publish-video-carousels-to-ig-better-analyze-all-your-paid-activities-with-twitter-ads-integration,0,url,301,url,0,Publish video carousels to IG & better analyze all your paid activities with Twitter Ads integration``
https://socialbackers.com/blog/check-out-new-advanced-filtering-bynder-salesforce-workflows-reimagined-community-widgets-and-streamlined-account-management,https://emplifi.io/resources/blog/check-out-new-advanced-filtering-bynder-salesforce-workflows-reimagined-community-widgets-and-streamlined-account-management,0,url,301,url,0,"Check out new advanced filtering, Bynder & Salesforce workflows, reimagined community widgets and streamlined account management"
https://socialbackers.com/blog/discover-new-advancements-in-query-youtube-publishing-community-and-sso,https://emplifi.io/resources/blog/discover-new-advancements-in-query-youtube-publishing-community-and-sso,0,url,301,url,0,"Discover new advancements in Query, YouTube publishing, Community, and SSO"
https://socialbackers.com/blog/new-filters-by-ad-type-and-placement-making-their-way-to-paid-and-dsh-paid-widgets,https://emplifi.io/resources/blog/new-filters-by-ad-type-and-placement-making-their-way-to-paid-and-dsh-paid-widgets,0,url,301,url,0,New filters by Ad type and placement making their way to Paid and DSH paid widgets
https://socialbackers.com/blog/ad-labeling-allows-you-to-slice-and-dice-your-data-to-supercharge-performance-analysis,https://emplifi.io/resources/blog/ad-labeling-allows-you-to-slice-and-dice-your-data-to-supercharge-performance-analysis,0,url,301,url,0,Ad labeling allows you to slice and dice your data to supercharge performance analysis
https://socialbackers.com/blog/adobe-experience-manager-made-its-way-into-publisher-collections,https://emplifi.io/resources/blog/adobe-experience-manager-made-its-way-into-publisher-collections,0,url,301,url,0,Adobe Experience Manager made its way into Publisher & Collections
https://socialbackers.com/blog/on-the-go-mobile-suite-delivering-support-for-community-inbox,https://emplifi.io/resources/blog/on-the-go-mobile-suite-delivering-support-for-community-inbox,0,url,301,url,0,On the Go - Mobile Suite delivering support for Community Inbox
https://socialbackers.com/blog/identify-your-twitter-influencers-and-leverage-the-engagement,https://emplifi.io/resources/blog/identify-your-twitter-influencers-and-leverage-the-engagement,0,url,301,url,0,Identify your Twitter influencers and leverage the engagement
https://socialbackers.com/blog/best-in-class-analytics,https://emplifi.io/resources/blog/best-in-class-analytics,0,url,301,url,0,Best-in-class Analytics
https://socialbackers.com/blog/youtube-private-insights-other-items,https://emplifi.io/resources/blog/youtube-private-insights-other-items,0,url,301,url,0,"YouTube Private Insights, Other Items"
https://socialbackers.com/blog/slick-new-makeovers-enhanced-support-for-twitter-linkedin-and-instagram-workflows-precision-listening-results-and-more,https://emplifi.io/resources/blog/slick-new-makeovers-enhanced-support-for-twitter-linkedin-and-instagram-workflows-precision-listening-results-and-more,0,url,301,url,0,"Slick new makeovers, enhanced support for Twitter, LinkedIn, and Instagram workflows,  Precision Listening Results, and more"
https://socialbackers.com/blog/product-news-w28-2021,https://emplifi.io/resources/blog/product-news-w28-2021,0,url,301,url,0,"New Community Inbox, Listening Query Previews, Power BI Connector, and More"
https://socialbackers.com/blog/product-news-w26-2021,https://emplifi.io/resources/blog/product-news-w26-2021,0,url,301,url,0,"Historical Twitter Mentions, New Listening Sources, IGTV in Community, and More"
https://socialbackers.com/blog/product-news-w23-2021,https://emplifi.io/resources/blog/product-news-w23-2021,0,url,301,url,0,Upload All Video File Sizes With New Auto-Compression
https://socialbackers.com/blog/product-news-w22-2021,https://emplifi.io/resources/blog/product-news-w22-2021,0,url,301,url,0,"Ads Feed in Content Hub, IGTV as a Media Type, Collections in Publisher and More"
https://socialbackers.com/blog/how-to-curate-content-for-your-social-media-channels,https://emplifi.io/resources/blog/how-to-curate-content-for-your-social-media-channels,0,url,301,url,0,How to Curate Content for Your Social Media Channels
https://socialbackers.com/blog/how-to-use-tiktok-for-business,https://emplifi.io/resources/blog/how-to-use-tiktok-for-business,0,url,301,url,0,How to Use TikTok for Business
https://socialbackers.com/blog/9-tips-for-businesses-using-facebook-live-video,https://emplifi.io/resources/blog/9-tips-for-businesses-using-facebook-live-video,0,url,301,url,0,9 Tips For Businesses Using Facebook Live Video
https://socialbackers.com/blog/how-the-top-names-in-beauty-connect-with-audiences-in-uncertain-times,https://emplifi.io/resources/blog/how-the-top-names-in-beauty-connect-with-audiences-in-uncertain-times,0,url,301,url,0,How the Top Names in Beauty Connect With Audiences in Uncertain Times
https://socialbackers.com/blog/social-media-branding,https://emplifi.io/resources/blog/social-media-branding,0,url,301,url,0,5 Essential Social Media Branding Strategies to Grow Your Business
https://socialbackers.com/blog/how-to-increase-your-social-media-traffic,https://emplifi.io/resources/blog/how-to-increase-your-social-media-traffic,0,url,301,url,0,How to Increase Your Social Media Traffic – The Expert's Advice
https://socialbackers.com/blog/social-media-optimization-tips,https://emplifi.io/resources/blog/social-media-optimization-tips,0,url,301,url,0,Social Media Optimization: 5 Strategy Tips to Follow
https://socialbackers.com/blog/voc-trends,https://emplifi.io/resources/blog/voc-trends,0,url,301,url,0,5 Voice of the Customer Trends That Will Drive CX Success in 2021
