Socialbakers URL,New Emplifi URL
www.socialbakers.com/blog/249-20-most-liked-u-s-facebook-pages,www.emplifi.io/resources/blog/most-liked-u-s-facebook-pages
www.socialbakers.com/blog/1099-fake-followers-check-a-new-free-tool-from-socialbakers,www.emplifi.io/resources/blog/fake-followers
www.socialbakers.com/blog/impact-of-coronavirus-on-education,www.emplifi.io/resources/blog/impact-of-coronavirus-on-education
www.socialbakers.com/blog/1826-everything-you-need-to-know-about-hashtags-on-facebook,www.emplifi.io/resources/blog/everything-you-need-to-know-about-hashtags-on-facebook
www.socialbakers.com/blog/top-beauty-influencers,www.emplifi.io/resources/blog/top-beauty-influencers
www.socialbakers.com/blog/facebook-page-seo-optimization,www.emplifi.io/resources/blog/facebook-page-seo-optimization
www.socialbakers.com/blog/10-brands-who-are-seriously-funny-on-april-fools-day,www.emplifi.io/resources/blog/10-brands-who-are-seriously-funny-on-april-fools-day
www.socialbakers.com/blog/brands-that-rule-tiktok,www.emplifi.io/resources/blog/brands-that-rule-tiktok
www.socialbakers.com/blog/best-photo-video-editing-apps-social-media,www.emplifi.io/resources/blog/best-photo-video-editing-apps-social-media
www.socialbakers.com/blog/11-fashion-instagram-influencers-to-know,www.emplifi.io/resources/blog/11-fashion-instagram-influencers-to-know
www.socialbakers.com/blog/alcohol-marketing-trends-you-need-to-know-right-now,www.emplifi.io/resources/blog/alcohol-marketing-trends-you-need-to-know-right-now
www.socialbakers.com/blog/youtube-analytics-metrics,www.emplifi.io/resources/blog/youtube-analytics-metrics
www.socialbakers.com/blog/how-to-write-instagram-captions,www.emplifi.io/resources/blog/how-to-write-instagram-captions
www.socialbakers.com/blog/how-does-social-media-affect-teenagers,www.emplifi.io/resources/blog/how-does-social-media-affect-teenagers
www.socialbakers.com/blog/pet-influencers,www.emplifi.io/resources/blog/pet-influencers
www.socialbakers.com/blog/facebook-ads-ways-to-analyze-paid-social,www.emplifi.io/resources/blog/facebook-ads-ways-to-analyze-paid-social
www.socialbakers.com/blog/2751-5-stages-for-effective-social-media-community-management,www.emplifi.io/resources/blog/5-stages-for-effective-social-media-community-management
www.socialbakers.com/blog/engaging-customers-through-social-media,www.emplifi.io/resources/blog/engaging-customers-through-social-media
www.socialbakers.com/blog/mothers-day-social-media-brand-examples,www.emplifi.io/resources/blog/mothers-day-social-media-brand-examples
www.socialbakers.com/blog/social-media-advocacy,www.emplifi.io/resources/blog/social-media-advocacy
www.socialbakers.com/blog/marketing-buzzwords,www.emplifi.io/resources/blog/marketing-buzzwords
www.socialbakers.com/blog/instagram-guides-examples,www.emplifi.io/resources/blog/instagram-guides-examples
www.socialbakers.com/blog/target-audience-analysis-guide-everything-digital-marketers-need-to-know,www.emplifi.io/resources/blog/target-audience-analysis-guide-everything-digital-marketers-need-to-know
www.socialbakers.com/blog/instagram-stories-apps-life-easier,www.emplifi.io/resources/blog/instagram-stories-apps-life-easier
www.socialbakers.com/blog/tiktok-analytics,www.emplifi.io/resources/blog/tiktok-analytics
www.socialbakers.com/blog/social-listening-tools,www.emplifi.io/resources/blog/social-listening-tools
www.socialbakers.com/blog/facebook-organic-reach-tips,www.emplifi.io/resources/blog/facebook-organic-reach-tips
www.socialbakers.com/blog/2020-twitter-updates,www.emplifi.io/resources/blog/2020-twitter-updates
www.socialbakers.com/blog/instagram-guides,www.emplifi.io/resources/blog/instagram-guides
www.socialbakers.com/blog/795-article-how-to-create-an-official-facebook-page,www.emplifi.io/resources/blog/how-to-create-an-official-facebook-page
www.socialbakers.com/blog/ways-brands-use-instagram-reels,www.emplifi.io/resources/blog/ways-brands-use-instagram-reels
www.socialbakers.com/blog/2317-5-tips-for-reporting-to-your-boss,www.emplifi.io/resources/blog/5-tips-for-reporting-to-your-boss
www.socialbakers.com/blog/5-effective-ways-to-promote-your-webinar-on-social-media,www.emplifi.io/resources/blog/5-effective-ways-to-promote-your-webinar-on-social-media
www.socialbakers.com/blog/2020-instagram-updates,www.emplifi.io/resources/blog/2020-instagram-updates
www.socialbakers.com/blog/7-ways-to-build-buzz-on-social-media-for-your-new-product-before-launch,www.emplifi.io/resources/blog/7-ways-to-build-buzz-on-social-media-for-your-new-product-before-launch
www.socialbakers.com/blog/your-free-buyer-persona-template,www.emplifi.io/resources/blog/your-free-buyer-persona-template
www.socialbakers.com/blog/ai-in-social-media,www.emplifi.io/resources/blog/ai-in-social-media
www.socialbakers.com/blog/facebook-content-strategy,www.emplifi.io/resources/blog/facebook-content-strategy
www.socialbakers.com/blog/1916-top-10-things-you-should-never-do-on-twitter,www.emplifi.io/resources/blog/top-10-things-you-should-never-do-on-twitter
www.socialbakers.com/blog/why-customer-experience-on-social-media-is-important,www.emplifi.io/resources/blog/why-customer-experience-on-social-media-is-important
www.socialbakers.com/blog/lgbtq-influencers,www.emplifi.io/resources/blog/lgbtq-influencers
www.socialbakers.com/blog/youtube-updates,www.emplifi.io/resources/blog/youtube-updates
www.socialbakers.com/blog/tiktok-updates,www.emplifi.io/resources/blog/tiktok-updates
www.socialbakers.com/blog/covid-19-impact-social-media,www.emplifi.io/resources/blog/covid-19-impact-social-media
www.socialbakers.com/blog/instagram-ads,www.emplifi.io/resources/blog/instagram-ads
www.socialbakers.com/blog/social-media-platforms-during-coronavirus,www.emplifi.io/resources/blog/social-media-platforms-during-coronavirus
www.socialbakers.com/blog/video-for-instagram,www.emplifi.io/resources/blog/video-for-instagram
www.socialbakers.com/blog/21-data-points-for-2021,www.emplifi.io/resources/blog/21-data-points-for-2021
www.socialbakers.com/blog/facebook-tricks,www.emplifi.io/resources/blog/facebook-tricks
www.socialbakers.com/blog/twitter-engagement,www.emplifi.io/resources/blog/twitter-engagement
www.socialbakers.com/blog/twitter-analytics-tools,www.emplifi.io/resources/blog/twitter-analytics-tools
www.socialbakers.com/blog/why-is-social-listening-important,www.emplifi.io/resources/blog/why-is-social-listening-important
www.socialbakers.com/blog/105-top-us-states-on-facebook,www.emplifi.io/resources/blog/top-us-states-on-facebook
www.socialbakers.com/blog/2234-youtube-videos-what-s-not-to-like,www.emplifi.io/resources/blog/youtube-videos-what-s-not-to-like
www.socialbakers.com/blog/6-ways-to-boost-e-commerce-sales-with-influencer-marketing,www.emplifi.io/resources/blog/6-ways-to-boost-e-commerce-sales-with-influencer-marketing
www.socialbakers.com/blog/social-media-community-manager-tips,www.emplifi.io/resources/blog/social-media-community-manager-tips
www.socialbakers.com/blog/1529-tracking-the-right-kpis-the-media-industry,www.emplifi.io/resources/blog/tracking-the-right-kpis-the-media-industry
www.socialbakers.com/blog/2653-5-most-engaging-movie-pages-on-facebook-in-2016,www.emplifi.io/resources/blog/5-most-engaging-movie-pages-on-facebook-in-2016
www.socialbakers.com/blog/instagram-live-shopping,www.emplifi.io/resources/blog/instagram-live-shopping
www.socialbakers.com/blog/brands-that-get-digital-transformation-right,www.emplifi.io/resources/blog/brands-that-get-digital-transformation-right
www.socialbakers.com/blog/how-to-build-facebook-community,www.emplifi.io/resources/blog/how-to-build-facebook-community
www.socialbakers.com/blog/6-ways-to-stand-out-on-instagram,www.emplifi.io/resources/blog/6-ways-to-stand-out-on-instagram
www.socialbakers.com/blog/tips-how-to-improve-video-call-quality,www.emplifi.io/resources/blog/tips-how-to-improve-video-call-quality
www.socialbakers.com/blog/instagram-content-hacks,www.emplifi.io/resources/blog/instagram-content-hacks
www.socialbakers.com/blog/how-instagram-shops-will-transform-ecommerce,www.emplifi.io/resources/blog/how-instagram-shops-will-transform-ecommerce
www.socialbakers.com/blog/top-of-the-funnel-marketing-guide,www.emplifi.io/resources/blog/top-of-the-funnel-marketing-guide
www.socialbakers.com/blog/social-media-marketing-mistakes,www.emplifi.io/resources/blog/social-media-marketing-mistakes
www.socialbakers.com/blog/7-steps-to-measure-social-media-marketing-roi-a-complete-guide,www.emplifi.io/resources/blog/7-steps-to-measure-social-media-marketing-roi-a-complete-guide
www.socialbakers.com/blog/how-to-market-a-product-on-instagram,www.emplifi.io/resources/blog/how-to-market-a-product-on-instagram
www.socialbakers.com/blog/instagram-engagement,www.emplifi.io/resources/blog/instagram-engagement
www.socialbakers.com/blog/difference-between-social-listening-and-social-monitoring,www.emplifi.io/resources/blog/difference-between-social-listening-and-social-monitoring
www.socialbakers.com/blog/things-marketers-must-know-about-tiktok,www.emplifi.io/resources/blog/things-marketers-must-know-about-tiktok
www.socialbakers.com/blog/19-tips-to-jumpstart-your-instagram-igtv-strategy,www.emplifi.io/resources/blog/19-tips-to-jumpstart-your-instagram-igtv-strategy
www.socialbakers.com/blog/467-formulas-revealed-the-facebook-and-twitter-engagement-rate,www.emplifi.io/resources/blog/formulas-revealed-the-facebook-and-twitter-engagement-rate
www.socialbakers.com/blog/social-media-and-email-marketing-integration,www.emplifi.io/resources/blog/social-media-and-email-marketing-integration
www.socialbakers.com/blog/social-media-storytelling,www.emplifi.io/resources/blog/social-media-storytelling
www.socialbakers.com/blog/visual-content-social-media,www.emplifi.io/resources/blog/visual-content-social-media
www.socialbakers.com/blog/linkedin-updates,www.emplifi.io/resources/blog/linkedin-updates
www.socialbakers.com/blog/facebook-updates,www.emplifi.io/resources/blog/facebook-updates
www.socialbakers.com/blog/how-to-work-with-influencers-on-tiktok,www.emplifi.io/resources/blog/how-to-work-with-influencers-on-tiktok
www.socialbakers.com/blog/vpn-benefits-for-digital-marketing-success,www.emplifi.io/resources/blog/vpn-benefits-for-digital-marketing-success
www.socialbakers.com/blog/808-article-the-20-most-interesting-social-networks,www.emplifi.io/resources/blog/the-20-most-interesting-social-networks
www.socialbakers.com/blog/social-media-experts,www.emplifi.io/resources/blog/social-media-experts
www.socialbakers.com/blog/cognitive-biases-in-social-media,www.emplifi.io/resources/blog/cognitive-biases-in-social-media
www.socialbakers.com/blog/tiktok-algorithm,www.emplifi.io/resources/blog/tiktok-algorithm
www.socialbakers.com/blog/794-article-facebook-the-most-popular-social-network,www.emplifi.io/resources/blog/facebook-the-most-popular-social-network
www.socialbakers.com/blog/social-listening-guide,www.emplifi.io/resources/blog/social-listening-guide
www.socialbakers.com/blog/social-media-for-pr,www.emplifi.io/resources/blog/social-media-for-pr
www.socialbakers.com/blog/social-media-style-guide,www.emplifi.io/resources/blog/social-media-style-guide
www.socialbakers.com/blog/social-media-glossary-terms-definitions,www.emplifi.io/resources/blog/social-media-glossary-terms-definitions
www.socialbakers.com/blog/buyer-persona-template,www.emplifi.io/resources/blog/buyer-persona-template
www.socialbakers.com/blog/2368-everything-is-awesome-lego-s-monster-year-on-social,www.emplifi.io/resources/blog/everything-is-awesome-lego-s-monster-year-on-social
www.socialbakers.com/blog/how-to-get-verified-on-instagram,www.emplifi.io/resources/blog/how-to-get-verified-on-instagram
www.socialbakers.com/blog/4-reasons-why-dark-posts-going-public-is-good-for-marketers,www.emplifi.io/resources/blog/4-reasons-why-dark-posts-going-public-is-good-for-marketers
www.socialbakers.com/blog/social-media-content-strategy,www.emplifi.io/resources/blog/social-media-content-strategy
www.socialbakers.com/blog/key-qualities-of-social-media-content-strategy,www.emplifi.io/resources/blog/key-qualities-of-social-media-content-strategy
www.socialbakers.com/blog/instagram-reels-vs-tiktok,www.emplifi.io/resources/blog/instagram-reels-vs-tiktok
www.socialbakers.com/blog/fake-social-media-influencers,www.emplifi.io/resources/blog/fake-social-media-influencers
www.socialbakers.com/blog/customer-journey,www.emplifi.io/resources/blog/customer-journey
www.socialbakers.com/blog/social-media-competitive-analysis,www.emplifi.io/resources/blog/social-media-competitive-analysis
www.socialbakers.com/blog/social-media-audit,www.emplifi.io/resources/blog/social-media-audit
www.socialbakers.com/blog/647-top-10-biggest-facebook-cities,www.emplifi.io/resources/blog/top-10-biggest-facebook-cities
www.socialbakers.com/blog/how-to-use-memes-in-social-media,www.emplifi.io/resources/blog/how-to-use-memes-in-social-media
www.socialbakers.com/blog/how-to-use-social-media-for-affiliate-marketing,www.emplifi.io/resources/blog/how-to-use-social-media-for-affiliate-marketing
www.socialbakers.com/blog/859-article-how-to-create-a-community-page,www.emplifi.io/resources/blog/how-to-create-a-community-page
www.socialbakers.com/blog/5-ways-brands-can-make-the-best-use-of-facebook-stories,www.emplifi.io/resources/blog/5-ways-brands-can-make-the-best-use-of-facebook-stories
www.socialbakers.com/blog/customer-journey-map,www.emplifi.io/resources/blog/customer-journey-map
www.socialbakers.com/blog/how-to-use-sentiment-analysis-for-brand-building,www.emplifi.io/resources/blog/how-to-use-sentiment-analysis-for-brand-building
www.socialbakers.com/blog/481-10-biggest-industries-on-facebook,www.emplifi.io/resources/blog/10-biggest-industries-on-facebook
www.socialbakers.com/blog/1646-tracking-the-right-kpis-the-automotive-industry,www.emplifi.io/resources/blog/tracking-the-right-kpis-the-automotive-industry
www.socialbakers.com/blog/6-essential-elements-content-marketing-campaign,www.emplifi.io/resources/blog/6-essential-elements-content-marketing-campaign
www.socialbakers.com/blog/26-most-expensive-pay-per-click-advertising-countries-on-facebook,www.emplifi.io/resources/blog/26-most-expensive-pay-per-click-advertising-countries-on-facebook
www.socialbakers.com/blog/2540-you-can-now-track-facebook-reactions-in-socialbakers,www.emplifi.io/resources/blog/you-can-now-track-facebook-reactions-in-socialbakers
www.socialbakers.com/blog/social-media-link-building-tips,www.emplifi.io/resources/blog/social-media-link-building-tips
www.socialbakers.com/blog/top-10-travel-influencers-brands-need-to-know-about,www.emplifi.io/resources/blog/top-10-travel-influencers-brands-need-to-know-about
www.socialbakers.com/blog/top-10-youtube-influencers-every-brand-needs-to-know-about,www.emplifi.io/resources/blog/top-10-youtube-influencers-every-brand-needs-to-know-about
www.socialbakers.com/blog/39-top-10-movies-on-facebook,www.emplifi.io/resources/blog/top-10-movies-on-facebook
www.socialbakers.com/blog/best-social-media-management-tools,www.emplifi.io/resources/blog/best-social-media-management-tools
www.socialbakers.com/blog/knowing-your-target-audience-is-key-in-content-marketing,www.emplifi.io/resources/blog/knowing-your-target-audience-is-key-in-content-marketing
www.socialbakers.com/blog/961-10-most-facebook-addicted-countries-on-facebook,www.emplifi.io/resources/blog/10-most-facebook-addicted-countries-on-facebook
www.socialbakers.com/blog/setting-up-a-strong-local-global-social-media-strategy,www.emplifi.io/resources/blog/setting-up-a-strong-local-global-social-media-strategy
www.socialbakers.com/blog/33-must-have-content-creation-tools-every-brand-needs,www.emplifi.io/resources/blog/33-must-have-content-creation-tools-every-brand-needs
www.socialbakers.com/blog/facebook-live-vs-prerecorded-videos,www.emplifi.io/resources/blog/facebook-live-vs-prerecorded-videos
www.socialbakers.com/blog/organic-social-media-strategy,www.emplifi.io/resources/blog/organic-social-media-strategy
www.socialbakers.com/blog/instagram-vs-facebook-advertising-differences-and-best-practices,www.emplifi.io/resources/blog/instagram-vs-facebook-advertising-differences-and-best-practices
www.socialbakers.com/blog/883-how-to-set-up-your-own-facebook-house-rules,www.emplifi.io/resources/blog/how-to-set-up-your-own-facebook-house-rules
www.socialbakers.com/blog/personalized-marketing-on-social-media,www.emplifi.io/resources/blog/personalized-marketing-on-social-media
www.socialbakers.com/blog/micro-influencers-vs-macro-influencers,www.emplifi.io/resources/blog/micro-influencers-vs-macro-influencers
www.socialbakers.com/blog/1540-tracking-the-right-kpis-the-electronics-industry,www.emplifi.io/resources/blog/tracking-the-right-kpis-the-electronics-industry
www.socialbakers.com/blog/2203-how-engagement-and-social-interactions-correlate-with-reach,www.emplifi.io/resources/blog/how-engagement-and-social-interactions-correlate-with-reach
www.socialbakers.com/blog/218-how-to-start-your-own-facebook-page-10-tips-for-success,www.emplifi.io/resources/blog/how-to-start-your-own-facebook-page-10-tips-for-success
www.socialbakers.com/blog/relatorio-de-tendencias-de-redes-sociais-os-principais-insights-que-voce-precisa-conhecer,www.emplifi.io/resources/blog/relatorio-de-tendencias-de-redes-sociais-os-principais-insights-que-voce-precisa-conhecer
www.socialbakers.com/blog/38-top-10-countries-on-facebook-in-the-last-six-months,www.emplifi.io/resources/blog/top-10-countries-on-facebook-in-the-last-six-months
www.socialbakers.com/blog/go-pro,www.emplifi.io/resources/blog/go-pro
www.socialbakers.com/blog/sports-teams-on-social-media-during-pandemic,www.emplifi.io/resources/blog/sports-teams-on-social-media-during-pandemic
www.socialbakers.com/blog/datadriven-social-marketing-on-instagram,www.emplifi.io/resources/blog/datadriven-social-marketing-on-instagram
www.socialbakers.com/blog/how-to-create-a-social-media-proposal,www.emplifi.io/resources/blog/how-to-create-a-social-media-proposal
www.socialbakers.com/blog/target-audience-on-facebook-how-to-reach-and-convert-them,www.emplifi.io/resources/blog/target-audience-on-facebook-how-to-reach-and-convert-them
www.socialbakers.com/blog/social-media-for-financial-services-data-report-2019,www.emplifi.io/resources/blog/social-media-for-financial-services-data-report-2019
www.socialbakers.com/blog/7-instagram-story-ideas-that-work-for-business,www.emplifi.io/resources/blog/7-instagram-story-ideas-that-work-for-business
www.socialbakers.com/blog/1984-videos-under-two-minutes-generate-the-most-youtube-views,www.emplifi.io/resources/blog/videos-under-two-minutes-generate-the-most-youtube-views
www.socialbakers.com/blog/52-top-10-politicians-on-facebook,www.emplifi.io/resources/blog/top-10-politicians-on-facebook
www.socialbakers.com/blog/1631-how-are-you-measuring-up-tracking-the-right-kpis-for-the-alcohol-industry,www.emplifi.io/resources/blog/how-are-you-measuring-up-tracking-the-right-kpis-for-the-alcohol-industry
www.socialbakers.com/blog/lush-building-authentic-customer-relationships,www.emplifi.io/resources/blog/lush-building-authentic-customer-relationships
www.socialbakers.com/blog/social-media-video-tips,www.emplifi.io/resources/blog/social-media-video-tips
www.socialbakers.com/blog/2714-fill-in-the-gaps-with-these-social-media-team-roles,www.emplifi.io/resources/blog/fill-in-the-gaps-with-these-social-media-team-roles
www.socialbakers.com/blog/how-to-schedule-instagram-stories,www.emplifi.io/resources/blog/how-to-schedule-instagram-stories
www.socialbakers.com/blog/pinterest-marketing-strategy,www.emplifi.io/resources/blog/pinterest-marketing-strategy
www.socialbakers.com/blog/are-social-media-bots-hurting-your-paid-ads,www.emplifi.io/resources/blog/are-social-media-bots-hurting-your-paid-ads
www.socialbakers.com/blog/fitness-industry-takes-a-hit-from-covid,www.emplifi.io/resources/blog/fitness-industry-takes-a-hit-from-covid
www.socialbakers.com/blog/how-to-build-relationships-with-social-media-influencers-from-the-ground-up,www.emplifi.io/resources/blog/how-to-build-relationships-with-social-media-influencers-from-the-ground-up
www.socialbakers.com/blog/2126-the-ultimate-guide-to-hashtags,www.emplifi.io/resources/blog/the-ultimate-guide-to-hashtags
www.socialbakers.com/blog/free-tools-and-statistics-notice,www.emplifi.io/resources/blog/free-tools-and-statistics-notice
www.socialbakers.com/blog/1427-engagement-rate-a-metric-you-can-count-on,www.emplifi.io/resources/blog/engagement-rate-a-metric-you-can-count-on
www.socialbakers.com/blog/inbound-marketing-strategies,www.emplifi.io/resources/blog/inbound-marketing-strategies
www.socialbakers.com/blog/2199-socialbakers-now-recommends-interactions-over-engagement-rate,www.emplifi.io/resources/blog/socialbakers-now-recommends-interactions-over-engagement-rate
www.socialbakers.com/blog/influencer-marketing-report,www.emplifi.io/resources/blog/influencer-marketing-report
www.socialbakers.com/blog/the-social-media-metrics-that-really-matter,www.emplifi.io/resources/blog/the-social-media-metrics-that-really-matter
www.socialbakers.com/blog/brands-helping-out-during-coronavirus-crisis,www.emplifi.io/resources/blog/brands-helping-out-during-coronavirus-crisis
www.socialbakers.com/blog/1545-the-alcohol-industry,www.emplifi.io/resources/blog/the-alcohol-industry
www.socialbakers.com/blog/how-to-be-successful-with-paid-social-media-advertising,www.emplifi.io/resources/blog/how-to-be-successful-with-paid-social-media-advertising
www.socialbakers.com/blog/instagram-vs-facebook-report-key-trends-you-need-to-know,www.emplifi.io/resources/blog/instagram-vs-facebook-report-key-trends-you-need-to-know
www.socialbakers.com/blog/how-to-create-a-social-media-content-calendar,www.emplifi.io/resources/blog/how-to-create-a-social-media-content-calendar
www.socialbakers.com/blog/1064-top-10-fastest-growing-facebook-languages,www.emplifi.io/resources/blog/top-10-fastest-growing-facebook-languages
www.socialbakers.com/blog/2613-lego-s-secrets-to-a-successful-social-media-strategy,www.emplifi.io/resources/blog/lego-s-secrets-to-a-successful-social-media-strategy
www.socialbakers.com/blog/instagram-marketing-tips-from-a-to-z,www.emplifi.io/resources/blog/instagram-marketing-tips-from-a-to-z
www.socialbakers.com/blog/390-social-media-statistics-of-facebook-youtube-for-brands-in-brazil-january-2012,www.emplifi.io/resources/blog/social-media-statistics-of-facebook-youtube-for-brands-in-brazil-january-2012
www.socialbakers.com/blog/recession-marketing,www.emplifi.io/resources/blog/recession-marketing
www.socialbakers.com/blog/managing-social-for-uk-embassy-insiders-view,www.emplifi.io/resources/blog/managing-social-for-uk-embassy-insiders-view
www.socialbakers.com/blog/2367-native-facebook-videos-get-more-reach-than-any-other-type-of-post,www.emplifi.io/resources/blog/native-facebook-videos-get-more-reach-than-any-other-type-of-post
www.socialbakers.com/blog/complete-guide-for-how-to-use-instagram-hashtags-like-a-boss,www.emplifi.io/resources/blog/complete-guide-for-how-to-use-instagram-hashtags-like-a-boss
www.socialbakers.com/blog/1417-facebook-videos-vs-youtube-links-which-gets-higher-engagement,www.emplifi.io/resources/blog/facebook-videos-vs-youtube-links-which-gets-higher-engagement
www.socialbakers.com/blog/215-how-to-use-facebook-questions-to-increase-engagements-and-fans,www.emplifi.io/resources/blog/how-to-use-facebook-questions-to-increase-engagements-and-fans
www.socialbakers.com/blog/social-media-trends-report-q2-2020,www.emplifi.io/resources/blog/social-media-trends-report-q2-2020
www.socialbakers.com/blog/2285-the-social-health-index-a-new-way-to-measure-social-performance,www.emplifi.io/resources/blog/the-social-health-index-a-new-way-to-measure-social-performance
www.socialbakers.com/blog/singapore-government-performance-report,www.emplifi.io/resources/blog/singapore-government-performance-report
www.socialbakers.com/blog/250-world-s-fastest-growing-facebook-pages,www.emplifi.io/resources/blog/world-s-fastest-growing-facebook-pages
www.socialbakers.com/blog/covid-19-is-changing-behavior-on-social-media-for-both-brands-and-users,www.emplifi.io/resources/blog/covid-19-is-changing-behavior-on-social-media-for-both-brands-and-users
www.socialbakers.com/blog/2181-finding-the-right-interactions-for-your-facebook-page,www.emplifi.io/resources/blog/finding-the-right-interactions-for-your-facebook-page
www.socialbakers.com/blog/1452-facebook-videos-have-a-10x-higher-viral-reach-than-youtube-links,www.emplifi.io/resources/blog/facebook-videos-have-a-10x-higher-viral-reach-than-youtube-links
www.socialbakers.com/blog/why-the-buyer-s-persona-is-even-more-important-on-social-media,www.emplifi.io/resources/blog/why-the-buyer-s-persona-is-even-more-important-on-social-media
www.socialbakers.com/blog/marcas-que-lograron-una-correcta-transformacion-digital,www.emplifi.io/resources/blog/marcas-que-lograron-una-correcta-transformacion-digital
www.socialbakers.com/blog/955-what-s-the-average-reach-of-your-facebook-post,www.emplifi.io/resources/blog/what-s-the-average-reach-of-your-facebook-post
www.socialbakers.com/blog/2690-exclusive-data-on-instagram-carousels-how-well-do-they-work,www.emplifi.io/resources/blog/exclusive-data-on-instagram-carousels-how-well-do-they-work
www.socialbakers.com/blog/tiktok-facts-you-need-to-know,www.emplifi.io/resources/blog/tiktok-facts-you-need-to-know
www.socialbakers.com/blog/369-facebook-statistics-top-growing-countries-in-january,www.emplifi.io/resources/blog/facebook-statistics-top-growing-countries-in-january
www.socialbakers.com/blog/instagram-analytics-tools,www.emplifi.io/resources/blog/instagram-analytics-tools
www.socialbakers.com/blog/ai-image-recognition-in-marketing,www.emplifi.io/resources/blog/ai-image-recognition-in-marketing
www.socialbakers.com/blog/15-powerful-tips-to-master-influencer-marketing-on-instagram,www.emplifi.io/resources/blog/15-powerful-tips-to-master-influencer-marketing-on-instagram
www.socialbakers.com/blog/persona-mapping,www.emplifi.io/resources/blog/persona-mapping
www.socialbakers.com/blog/social-commerce-marketing-guide,www.emplifi.io/resources/blog/social-commerce-marketing-guide
www.socialbakers.com/blog/sports-vs-esports-social-media-report-2020,www.emplifi.io/resources/blog/sports-vs-esports-social-media-report-2020
www.socialbakers.com/blog/customer-retention-guide,www.emplifi.io/resources/blog/customer-retention-guide
www.socialbakers.com/blog/how-to-use-socialbakers-for-social-listening,www.emplifi.io/resources/blog/how-to-use-socialbakers-for-social-listening
www.socialbakers.com/blog/social-media-analytics-tools,www.emplifi.io/resources/blog/social-media-analytics-tools
www.socialbakers.com/blog/ai-in-digital-marketing-transform-the-way-your-teams-do-marketing-in-2020,www.emplifi.io/resources/blog/ai-in-digital-marketing-transform-the-way-your-teams-do-marketing-in-2020
www.socialbakers.com/blog/social-media-kpis-cpg,www.emplifi.io/resources/blog/social-media-kpis-cpg
www.socialbakers.com/blog/how-to-create-landing-page-for-facebook-ads,www.emplifi.io/resources/blog/how-to-create-landing-page-for-facebook-ads
www.socialbakers.com/blog/facebook-advertising-tips,www.emplifi.io/resources/blog/facebook-advertising-tips
www.socialbakers.com/blog/marketing-professionals-amplifying-bipoc-voices,www.emplifi.io/resources/blog/marketing-professionals-amplifying-bipoc-voices
www.socialbakers.com/blog/twitter-analytics-guide,www.emplifi.io/resources/blog/twitter-analytics-guide
www.socialbakers.com/blog/5-ways-your-marketing-funnel-is-exactly-like-your-dating-life,www.emplifi.io/resources/blog/5-ways-your-marketing-funnel-is-exactly-like-your-dating-life
www.socialbakers.com/blog/what-is-clubhouse-app,www.emplifi.io/resources/blog/what-is-clubhouse-app
www.socialbakers.com/blog/social-media-goals,www.emplifi.io/resources/blog/social-media-goals
www.socialbakers.com/blog/social-media-kpis-telco,www.emplifi.io/resources/blog/social-media-kpis-telco
www.socialbakers.com/blog/social-media-marketing-strategy,www.emplifi.io/resources/blog/social-media-marketing-strategy
www.socialbakers.com/blog/instagram-algorithm,www.emplifi.io/resources/blog/instagram-algorithm
www.socialbakers.com/blog/social-media-community-manager-tips,www.emplifi.io/resources/blog/social-media-community-manager-tips
www.socialbakers.com/blog/how-to-manage-and-grow-social-media-community,www.emplifi.io/resources/blog/how-to-manage-and-grow-social-media-community
www.socialbakers.com/blog/how-social-media-customer-service-helps-your-brand,www.emplifi.io/resources/blog/how-social-media-customer-service-helps-your-brand
www.socialbakers.com/blog/customer-retention-strategies-in-uncertain-times,www.emplifi.io/resources/blog/customer-retention-strategies-in-uncertain-times
www.socialbakers.com/blog/social-media-expert-qa-with-candace-kuss,www.emplifi.io/resources/blog/social-media-expert-qa-with-candace-kuss
www.socialbakers.com/blog/social-media-expert-qa-with-sarah-boyd,www.emplifi.io/resources/blog/social-media-expert-qa-with-sarah-boyd
www.socialbakers.com/blog/social-media-expert-qa-with-mari-smith,www.emplifi.io/resources/blog/social-media-expert-qa-with-mari-smith
www.socialbakers.com/blog/time-to-bridge-the-customer-experience-gap,www.emplifi.io/resources/blog/time-to-bridge-the-customer-experience-gap
www.socialbakers.com/blog/twitter-customer-service,www.emplifi.io/resources/blog/twitter-customer-service
www.socialbakers.com/blog/influencer-tips-on-growing-your-tiktok-brand,www.emplifi.io/resources/blog/influencer-tips-on-growing-your-tiktok-brand
www.socialbakers.com/blog/social-media-expert-qa-with-shelcy-joseph,www.emplifi.io/resources/blog/social-media-expert-qa-with-shelcy-joseph
www.socialbakers.com/blog/social-media-expert-qa-with-udi-ledergor,www.emplifi.io/resources/blog/social-media-expert-qa-with-udi-ledergor
www.socialbakers.com/blog/instagram-reels-tiktok,www.emplifi.io/resources/blog/instagram-reels-tiktok
www.socialbakers.com/blog/how-socialbakers-is-helping-voices-for-equality-be-heard,www.emplifi.io/resources/blog/how-socialbakers-is-helping-voices-for-equality-be-heard
www.socialbakers.com/blog/primetime-just-got-even-better-plus-more-of-your-favorite-flexible-widgets,www.emplifi.io/resources/blog/primetime-just-got-even-better-plus-more-of-your-favorite-flexible-widgets
www.socialbakers.com/blog/say-hello-to-the-new-community,www.emplifi.io/resources/blog/say-hello-to-the-new-community
www.socialbakers.com/blog/emplifi-tiktok-business-analytics-publishing-video-strategy,www.emplifi.io/resources/blog/emplifi-tiktok-business-analytics-publishing-video-strategy
www.socialbakers.com/blog/check-out-new-flexible-widgets-for-paid-metrics-plus-instagram-grid-previews,www.emplifi.io/resources/blog/check-out-new-flexible-widgets-for-paid-metrics-plus-instagram-grid-previews
www.socialbakers.com/blog/linkedin-insights-emplifi-analytics-dashboard-widgets,www.emplifi.io/resources/blog/linkedin-insights-emplifi-analytics-dashboard-widgets
www.socialbakers.com/blog/publish-video-carousels-to-ig-better-analyze-all-your-paid-activities-with-twitter-ads-integration,www.emplifi.io/resources/blog/publish-video-carousels-to-ig-better-analyze-all-your-paid-activities-with-twitter-ads-integration
www.socialbakers.com/blog/check-out-new-advanced-filtering-bynder-salesforce-workflows-reimagined-community-widgets-and-streamlined-account-management,www.emplifi.io/resources/blog/check-out-new-advanced-filtering-bynder-salesforce-workflows-reimagined-community-widgets-and-streamlined-account-management
www.socialbakers.com/blog/discover-new-advancements-in-query-youtube-publishing-community-and-sso,www.emplifi.io/resources/blog/discover-new-advancements-in-query-youtube-publishing-community-and-sso
www.socialbakers.com/blog/new-filters-by-ad-type-and-placement-making-their-way-to-paid-and-dsh-paid-widgets,www.emplifi.io/resources/blog/new-filters-by-ad-type-and-placement-making-their-way-to-paid-and-dsh-paid-widgets
www.socialbakers.com/blog/ad-labeling-allows-you-to-slice-and-dice-your-data-to-supercharge-performance-analysis,www.emplifi.io/resources/blog/ad-labeling-allows-you-to-slice-and-dice-your-data-to-supercharge-performance-analysis
www.socialbakers.com/blog/adobe-experience-manager-made-its-way-into-publisher-collections,www.emplifi.io/resources/blog/adobe-experience-manager-made-its-way-into-publisher-collections
www.socialbakers.com/blog/on-the-go-mobile-suite-delivering-support-for-community-inbox,www.emplifi.io/resources/blog/on-the-go-mobile-suite-delivering-support-for-community-inbox
www.socialbakers.com/blog/identify-your-twitter-influencers-and-leverage-the-engagement,www.emplifi.io/resources/blog/identify-your-twitter-influencers-and-leverage-the-engagement
www.socialbakers.com/blog/best-in-class-analytics,www.emplifi.io/resources/blog/best-in-class-analytics
www.socialbakers.com/blog/youtube-private-insights-other-items,www.emplifi.io/resources/blog/youtube-private-insights-other-items
www.socialbakers.com/blog/slick-new-makeovers-enhanced-support-for-twitter-linkedin-and-instagram-workflows-precision-listening-results-and-more,www.emplifi.io/resources/blog/slick-new-makeovers-enhanced-support-for-twitter-linkedin-and-instagram-workflows-precision-listening-results-and-more
www.socialbakers.com/blog/product-news-w28-2021,www.emplifi.io/resources/blog/product-news-w28-2021
www.socialbakers.com/blog/product-news-w26-2021,www.emplifi.io/resources/blog/product-news-w26-2021
www.socialbakers.com/blog/product-news-w23-2021,www.emplifi.io/resources/blog/product-news-w23-2021
www.socialbakers.com/blog/product-news-w22-2021,www.emplifi.io/resources/blog/product-news-w22-2021
www.socialbakers.com/blog/how-to-curate-content-for-your-social-media-channels,www.emplifi.io/resources/blog/how-to-curate-content-for-your-social-media-channels
www.socialbakers.com/blog/how-to-use-tiktok-for-business,www.emplifi.io/resources/blog/how-to-use-tiktok-for-business
www.socialbakers.com/blog/9-tips-for-businesses-using-facebook-live-video,www.emplifi.io/resources/blog/9-tips-for-businesses-using-facebook-live-video
www.socialbakers.com/blog/how-the-top-names-in-beauty-connect-with-audiences-in-uncertain-times,www.emplifi.io/resources/blog/how-the-top-names-in-beauty-connect-with-audiences-in-uncertain-times
www.socialbakers.com/blog/social-media-branding,www.emplifi.io/resources/blog/social-media-branding
www.socialbakers.com/blog/how-to-increase-your-social-media-traffic,www.emplifi.io/resources/blog/how-to-increase-your-social-media-traffic
www.socialbakers.com/blog/social-media-optimization-tips,www.emplifi.io/resources/blog/social-media-optimization-tips
www.socialbakers.com/blog/voc-trends,www.emplifi.io/resources/blog/voc-trends